<?xml version="1.0" encoding="UTF-8"?>
<TEI version="5.0" 
    xmlns="http://www.tei-c.org/ns/1.0" 
    xmlns:xsi="http://www.w3.org/2001/XMLSchema-instance" 
    xsi:schemaLocation="http://www.tei-c.org/ns/1.0 http://diglib.hab.de/rules/schema/ER/v0.4/europeana-regia.xsd" 
    xml:lang="en">
    <teiHeader>
        <fileDesc>
            <titleStmt>
                <title>Description of <ref type="mss" target="http://www.e-codices.unifr.ch/de/list/one/bbb/0088">Bern, Burgerbibliothek, MS 88</ref></title>
                <respStmt>
                    <resp>Catalogued by:</resp>
                    <name type="person">Ivana Dobcheva</name>
                </respStmt>
            </titleStmt>
            <editionStmt>
                <edition>Digital edition according to TEI P5</edition>
                <respStmt>
                    <resp>TEI-P5 coded by </resp>
                    <name type="person">Ivana Dobcheva</name>
                    <name type="org"></name>
                </respStmt>
            </editionStmt>
            <publicationStmt>
                <publisher>
                    <name type="org"></name>
                    <!--<ptr target=""/>-->
                </publisher>
            </publicationStmt>
            <sourceDesc><p></p></sourceDesc>
        </fileDesc>           
        <!--
            <revisionDesc>
				<change who="" date=""></change>
			</revisionDesc>
		-->
    </teiHeader>
    <facsimile>
        <graphic url='http://www.e-codices.unifr.ch/en/bbb/0088/1r' n='1r' />
        <graphic url='http://www.e-codices.unifr.ch/en/bbb/0088/1v' n='1v' />
        <graphic url='http://www.e-codices.unifr.ch/en/bbb/0088/2r' n='2r' />
        <graphic url='http://www.e-codices.unifr.ch/en/bbb/0088/2v' n='2v' />
        <graphic url='http://www.e-codices.unifr.ch/en/bbb/0088/3r' n='3r' />
        <graphic url='http://www.e-codices.unifr.ch/en/bbb/0088/3v' n='3v' />
        <graphic url='http://www.e-codices.unifr.ch/en/bbb/0088/4r' n='4r' />
        <graphic url='http://www.e-codices.unifr.ch/en/bbb/0088/4v' n='4v' />
        <graphic url='http://www.e-codices.unifr.ch/en/bbb/0088/5r' n='5r' />
        <graphic url='http://www.e-codices.unifr.ch/en/bbb/0088/5v' n='5v' />
        <graphic url='http://www.e-codices.unifr.ch/en/bbb/0088/6r' n='6r' />
        <graphic url='http://www.e-codices.unifr.ch/en/bbb/0088/6v' n='6v' />
        <graphic url='http://www.e-codices.unifr.ch/en/bbb/0088/7r' n='7r' />
        <graphic url='http://www.e-codices.unifr.ch/en/bbb/0088/7v' n='7v' />
        <graphic url='http://www.e-codices.unifr.ch/en/bbb/0088/8r' n='8r' />
        <graphic url='http://www.e-codices.unifr.ch/en/bbb/0088/8v' n='8v' />
        <graphic url='http://www.e-codices.unifr.ch/en/bbb/0088/9r' n='9r' />
        <graphic url='http://www.e-codices.unifr.ch/en/bbb/0088/9v' n='9v' />
        <graphic url='http://www.e-codices.unifr.ch/en/bbb/0088/10r' n='10r' />
        <graphic url='http://www.e-codices.unifr.ch/en/bbb/0088/10v' n='10v' />
    </facsimile>
    <text>
        <body>
            <msDesc xml:id="bern_88" xml:lang="eng">
                <msIdentifier>
                    <settlement>Bern</settlement>
                    <repository>Burgerbibliothek</repository>
                    <idno>Cod. 88</idno>
                </msIdentifier>
                <head>
                    <title>Germanicus' Aratea with Scholia Bernensia (De signis coeli)</title>
                    <origPlace ref="#luxeuil">Luxeuil</origPlace> (?) or <origPlace ref="#saint_bertin">Saint-Bertin(?)</origPlace>
                    <origDate notBefore="0986" notAfter="1015">s. X<hi rend="sup">ex</hi>-XI<hi rend="sup">in</hi></origDate>
                </head>
                <msContents>
                    <textLang mainLang="lat"/>
                    <msItem>
                        <locus from="1r">1r</locus>
                        <note>Modern title and a stamp of the library.</note>
                    </msItem>
                    <msItem>
                        <locus from="1v" to="10v">1v-11r</locus>
                        <author ref="#germanicus">Germanicus</author>
                        <title ref="#germanicus_aratea">Aratea</title>
                        <rubric>Claudii caesaris arati phaenomena</rubric>
                        <incipit>Ab ioue principium magno deduxit aratus</incipit>
                        <explicit><note>text of the poem ends <locus to="10r">10r</locus></note> Significet ventosue truces fidamque quietem.</explicit>
                        <note>Lost vv. 157-240 on a now lost bifolio at the middle of the quire (between ff. 3 and 4), as well as vv. 387-445 on a now lost folio presumably facing f. 7 which is now singleton.</note>
                        <note>f. 8r blank</note>
                        <msItem>
                            <locus from="1v" to="7v">1v-7v</locus>
                            <title ref="#de_signis_coeli">De signis coelis</title>
                            <note>chapters 1-12 and 21-36 due to the lost folios.</note>
                            <incipit>Helix arcturus maior habet autem in capite stellas</incipit>
                            <explicit>et tres in brancis eius. ipse autem clariores esse noscuntur.</explicit>
                        </msItem>
                        <msItem>
                            <locus from="10r" to="10v">10r-v</locus>
                            <note>Fragment III:</note>
                            <incipit>Gradine permixtus aries nivibusque caducis</incipit>
                            <explicit>et rigor accedit uentis lentissimus ille.</explicit>
                        </msItem>
                        <msItem>
                            <locus from="10v">10v</locus>
                            <note>Fragment II, vv. 1-16:</note>
                            <incipit>Una via est solis bis senis lucida signis</incipit>
                            <explicit>Mercurius binos gradiuus perficit orbis</explicit>
                        </msItem>
                        <msItem>
                            <locus from="10v" to="11r">10v-11r</locus>
                            <note>29 interpolated verses from Avienus' <title ref="#aratea_avienus">Aratea</title>:</note>
                            <incipit>Tempore tum proprio modulatur noctua carmen <lb/>tum uespertinum cornix longeua resultat </incipit>
                            <explicit>Pluribus indicus sollert fulcire memento <lb/>Uale sidens dno xri uestitus amore</explicit>
                        </msItem>
                        <msItem>
                            <locus from="11v">11v</locus>
                            <decoNote>Planisphere with five concentric circles for each of the celestial zones and another one marking the zodiacal band.</decoNote>
                        </msItem>
                    </msItem>		
                </msContents>
                <physDesc>
                    <objectDesc form="codex">
                        <supportDesc material="perg">
                            <support>
                                <p><material>Parchment</material></p>
                            </support>
                            <extent>
                                <measure type="leavesCount" quantity="13">i + 11 + i</measure>
                                <dimensions type="leaf" unit="mm">
                                    <height>380</height>
                                    <width>290</width>
                                </dimensions>
                            </extent>
                            <foliation>Modern foliation with pencil in the upper outher corner of each recto and verso.</foliation>
                            <collation><formula>I<hi rend="sup">8(-2)</hi> (ff. 1-6, missing two folios after 3), II<hi rend="sup">1(-1)</hi> (f. 7 missing 1 folio after 7),  III<hi rend="sup">4</hi> (ff. 8-11)</formula></collation>
                        </supportDesc>
                        <layoutDesc>
                            <layout columns="1 2" ruledLines="47">
                                <p>Ff. <locus from="1v" to="7v">1v-7v</locus> and <locus from="10r" to="11r">10r-11r</locus> written in one ff. <locus from="8v" to="9v">8v-9v</locus> in two columns, 40 lines. The text of the poem takes central place on the folio. Illustrations are drawn in the inner broad margin, while the scholia are copied in the outher margin parallel to the verses to which they relate. Capitalis rustica in red used to mark out opening verses for sections. Verses begin with interchanging red and green initials.</p>
                            </layout>
                        </layoutDesc>
                    </objectDesc>
                    <scriptDesc>
                        <summary></summary>
                        <scriptNote script="carolmin">
                            <p></p>
                        </scriptNote>                     
                    </scriptDesc>  
                    <decoDesc>
                        <decoNote>28 illustrations of the constellations, two per folio. For iconographical analysis see <bibl>Homburger, Otto: Die illustrierten Handschriften der Burgerbibliothek Bern. Bd. 2. (Bern, um 1960)<ptr target="http://www.e-codices.unifr.ch/de/description/bbb/0088/"/></bibl>, <bibl><abbr>Sternbilder des Mittelalters</abbr>, pp. 216-17</bibl>, as well as Kristen Lippincott's Saxl Project<ptr target="http://www.kristenlippincott.com/assets/Uploads/MSS-descriptions-Germanicus-Bern-88-15-Nov-2012.pdf"/>.</decoNote>
                    </decoDesc>
                    <bindingDesc>
                        <binding>
                            <p>Modern carton binding.</p>
                        </binding>
                    </bindingDesc>
                </physDesc>
                <history>
                    <summary></summary>
                    <origin>
                        <p>The manuscript is a copy of <ref type="altMs" target="Boulogne-sur-mer_188.xml">Boulogne-sur-mer, BM, MS 188</ref>. Looking at the iconographic features  proposed that the illustrations were drawn by <rs type="person" ref="#odbert">Odbert</rs> from <origPlace ref="#saint_bertin">St. Bertin</origPlace>, where the exemplar <ref type="altMs" target="Boulogne-sur-mer_188.xml">MS Boulogne 188</ref> came from.</p>
                    </origin>
                    <provenance>
                        <p>Donantion inscription on top margin of f. 1v: <quote>Werinharius eps dedit sanctę Marię</quote> refering to a gift made by bishop <rs type="person" ref="#werner_von_habsburg">Werner I</rs> (1001-1028) made to the cathedral of St. Mary in <rs type="place" ref="#strasbourg">Strasbourg</rs> (on the library at Strasbourg destroyed in the war of 1870 see <bibl>Hoffmann, H. Schreibschulen p. 273-4</bibl>). <!--While for palaeographical studies it is of small imporatance whether the book itself was an import or the monk Constantius went to write it in Strasbourg, it is of great relevance for studing the transmission of the Aratea. One can, however, only speculate if the bishop wanted to supply his cathedral library with texts, he thought were important and of which knew to be in Luxeuil or St. Bertin.--></p>
                        <p>The manuscript was for some time binded together with <ref type="mss">Bern, Burgerbibliothek MS 87</ref> (described together by Wimpfelin in 1508: <quote>Geometria ex Greco in latinum a Boecio translate, proprietates et dispositions signorum caeli</quote>). This manuscript has a colophon written by <rs type="person" role="scribe">Constantius</rs>, priest of St. Peter’s abbey church in Luxeuil in <origDate when="1004">1004</origDate>. It is then possible that Werner procured copies of Boethius' texts from Constantius in Luxeuil and an Aratea from St. Bertin and at some time later the two were bound together based on their common use in the quadrivium.</p>
                    </provenance>
                </history>
                <additional>
                    <listBibl>
                        <head>Selected bibliography:</head>
                        <bibl><abbr>Sternbilder des Mittelalters</abbr>, pp. 214-18.</bibl>
                        <bibl>Boutemy, André. "Obdert de Saint-Bertin et la second Bible de Charles le Chauve," <title>Scriptorium</title> 4 (1950): 101-102.</bibl>
                        <bibl>Homburger, Otto. “Über die kunstgeschichtliche Bedeutung der Handschriften der Burgerbibliothek.” In <title>Schätze der Burgerbibliothek Bern</title>, pp. 107-130. Bern: Lang, 1953.</bibl>
                        <bibl><abbr>Bischoff, Kommentar</abbr>, pp. 13-14.</bibl>
                        <bibl><abbr>Lott, Transmission</abbr>.</bibl>
                        <bibl><abbr>Ullman, Geometry</abbr>, pp. 263-285.</bibl>
                        <bibl><abbr>Reeve (1980)</abbr>, p. 518.</bibl>
                        <bibl><abbr>Mütherich (1989)</abbr>, pp. 31-58.</bibl>
                        <bibl><abbr>Obbeama (1989)</abbr>, p. 13.</bibl>
                        <bibl><abbr>Munk Olsen, Catalogue 1</abbr>, p. 406.</bibl>
                        <bibl><abbr>Blume (2000)</abbr>, p. 549.</bibl>
                        <bibl><abbr>Haffner</abbr>, p. 24.</bibl>
                        <bibl><abbr>Le Boeuffle (1975)</abbr>, pp. xli-xlii.</bibl>
                        <bibl><abbr>Gain (1976)</abbr>, pp. 2-8.</bibl>
                        <bibl><abbr>Dell'Era (1979)</abbr>, pp. 269-70.</bibl>
                        <bibl><abbr>Dekker</abbr>, pp. 145, 163, 173-75 and 233-35.</bibl>
                        <bibl>Saenger, Paul. <title>Space Between Words: The Origins of Silent Reading</title>. Stanford University Press, 1997.</bibl>
                        <bibl>Stutzmann, Dominique. “Saint-Bertin : centre culturel du VIIe au XVIIIe siècle.” 2016. <ptr target="http://saint-bertin.irht.cnrs.fr/site/php/notice.php?id=Boulogne-sur-Mer188&amp;catalogue=boulogne"/>.</bibl>
                        <bibl>Lippincott, Kristen. Saxl Project <ptr target="http://www.kristenlippincott.com/assets/Uploads/MSS-descriptions-Germanicus-Bern-88-15-Nov-2012.pdf"/>.</bibl>                        
                    </listBibl>
                </additional>
            </msDesc>
        </body>
    </text>
</TEI>

