<?xml version="1.0" encoding="UTF-8"?>
<TEI version="5.0" 
    xmlns="http://www.tei-c.org/ns/1.0" 
    xmlns:xsi="http://www.w3.org/2001/XMLSchema-instance" 
    xsi:schemaLocation="http://www.tei-c.org/ns/1.0 http://diglib.hab.de/rules/schema/ER/v0.4/europeana-regia.xsd" 
    xml:lang="en">
    <teiHeader>
        <fileDesc>
            <titleStmt>
                <title>Description of <ref type="altMs" target="http://gallica.bnf.fr/ark:/12148/btv1b9066978w">Paris, BnF, MS lat. 13955</ref></title>
                <respStmt>
                    <resp>Catalogued by:</resp>
                    <name type="person">Ivana Dobcheva</name>
                </respStmt>
            </titleStmt>
            <editionStmt>
                <edition>Digital edition according to TEI P5</edition>
                <respStmt>
                    <resp>TEI-P5 coded by </resp>
                    <name type="person">Ivana Dobcheva</name>
                    <name type="org"></name>
                </respStmt>
            </editionStmt>
            <publicationStmt>
                <publisher>
                    <name type="org"></name>
                    <!--<ptr target=""/>-->
                </publisher>
            </publicationStmt>
            <sourceDesc><p></p></sourceDesc>
        </fileDesc>           
        <!--
            <revisionDesc>
				<change who="" date=""></change>
			</revisionDesc>
		-->
        <profileDesc>
            <!--<textClass>
                <keywords scheme="#gnd">
                    <!-\- normdaten also for keywords so maybe again make a list?? when linking to gnd scheme -\->
                    <term xml:lang="en">astronomy</term>
                </keywords>
            </textClass>-->
        </profileDesc>
    </teiHeader>
    <facsimile>
        <graphic url='http://www.gallica.bnf.fr/ark:/12148/btv1b9066978w/f1.item' n='Ar'/>
        <graphic url='http://www.gallica.bnf.fr/ark:/12148/btv1b9066978w/f2.item' n='Av'/>
        <graphic url='http://www.gallica.bnf.fr/ark:/12148/btv1b9066978w/f2.item' n='1r'/>
        <graphic url='http://www.gallica.bnf.fr/ark:/12148/btv1b9066978w/f3.item' n='1v'/>
        <graphic url='http://www.gallica.bnf.fr/ark:/12148/btv1b9066978w/f3.item' n='2r'/>
        <graphic url='http://www.gallica.bnf.fr/ark:/12148/btv1b9066978w/f4.item' n='2v'/>
        <graphic url='http://www.gallica.bnf.fr/ark:/12148/btv1b9066978w/f4.item' n='3r'/>
        <graphic url='http://www.gallica.bnf.fr/ark:/12148/btv1b9066978w/f5.item' n='3v'/>
        <graphic url='http://www.gallica.bnf.fr/ark:/12148/btv1b9066978w/f5.item' n='4r'/>
        <graphic url='http://www.gallica.bnf.fr/ark:/12148/btv1b9066978w/f6.item' n='4v'/>
        <graphic url='http://www.gallica.bnf.fr/ark:/12148/btv1b9066978w/f6.item' n='5r'/>
        <graphic url='http://www.gallica.bnf.fr/ark:/12148/btv1b9066978w/f7.item' n='5v'/>
        <graphic url='http://www.gallica.bnf.fr/ark:/12148/btv1b9066978w/f7.item' n='6r'/>
        <graphic url='http://www.gallica.bnf.fr/ark:/12148/btv1b9066978w/f9.item' n='6v'/>
        <graphic url='http://www.gallica.bnf.fr/ark:/12148/btv1b9066978w/f9.item' n='7r'/>
        <graphic url='http://www.gallica.bnf.fr/ark:/12148/btv1b9066978w/f10.item' n='7v'/>
        <graphic url='http://www.gallica.bnf.fr/ark:/12148/btv1b9066978w/f10.item' n='8r'/>
        <graphic url='http://www.gallica.bnf.fr/ark:/12148/btv1b9066978w/f11.item' n='8v'/>
        <graphic url='http://www.gallica.bnf.fr/ark:/12148/btv1b9066978w/f11.item' n='9r'/>
        <graphic url='http://www.gallica.bnf.fr/ark:/12148/btv1b9066978w/f12.item' n='9v'/>
        <graphic url='http://www.gallica.bnf.fr/ark:/12148/btv1b9066978w/f12.item' n='10r'/>
        <graphic url='http://www.gallica.bnf.fr/ark:/12148/btv1b9066978w/f13.item' n='10v'/>
        <graphic url='http://www.gallica.bnf.fr/ark:/12148/btv1b9066978w/f13.item' n='11r'/>
        <graphic url='http://www.gallica.bnf.fr/ark:/12148/btv1b9066978w/f14.item' n='11v'/>
        <graphic url='http://www.gallica.bnf.fr/ark:/12148/btv1b9066978w/f14.item' n='12r'/>
        <graphic url='http://www.gallica.bnf.fr/ark:/12148/btv1b9066978w/f15.item' n='12v'/>
        <graphic url='http://www.gallica.bnf.fr/ark:/12148/btv1b9066978w/f15.item' n='13r'/>
        <graphic url='http://www.gallica.bnf.fr/ark:/12148/btv1b9066978w/f16.item' n='13v'/>
        <graphic url='http://www.gallica.bnf.fr/ark:/12148/btv1b9066978w/f16.item' n='14r'/>
        <graphic url='http://www.gallica.bnf.fr/ark:/12148/btv1b9066978w/f17.item' n='14v'/>
        <graphic url='http://www.gallica.bnf.fr/ark:/12148/btv1b9066978w/f17.item' n='15r'/>
        <graphic url='http://www.gallica.bnf.fr/ark:/12148/btv1b9066978w/f18.item' n='15v'/>
        <graphic url='http://www.gallica.bnf.fr/ark:/12148/btv1b9066978w/f18.item' n='16r'/>
        <graphic url='http://www.gallica.bnf.fr/ark:/12148/btv1b9066978w/f19.item' n='16v'/>
        <graphic url='http://www.gallica.bnf.fr/ark:/12148/btv1b9066978w/f19.item' n='17r'/>
        <graphic url='http://www.gallica.bnf.fr/ark:/12148/btv1b9066978w/f20.item' n='17v'/>
        <graphic url='http://www.gallica.bnf.fr/ark:/12148/btv1b9066978w/f20.item' n='18r'/>
        <graphic url='http://www.gallica.bnf.fr/ark:/12148/btv1b9066978w/f21.item' n='18v'/>
        <graphic url='http://www.gallica.bnf.fr/ark:/12148/btv1b9066978w/f21.item' n='19r'/>
        <graphic url='http://www.gallica.bnf.fr/ark:/12148/btv1b9066978w/f23.item' n='19v'/>
        <graphic url='http://www.gallica.bnf.fr/ark:/12148/btv1b9066978w/f23.item' n='20r'/>
        <graphic url='http://www.gallica.bnf.fr/ark:/12148/btv1b9066978w/f24.item' n='20v'/>
        <graphic url='http://www.gallica.bnf.fr/ark:/12148/btv1b9066978w/f24.item' n='21r'/>
        <graphic url='http://www.gallica.bnf.fr/ark:/12148/btv1b9066978w/f26.item' n='21v'/>
        <graphic url='http://www.gallica.bnf.fr/ark:/12148/btv1b9066978w/f26.item' n='22r'/>
        <graphic url='http://www.gallica.bnf.fr/ark:/12148/btv1b9066978w/f27.item' n='22v'/>
        <graphic url='http://www.gallica.bnf.fr/ark:/12148/btv1b9066978w/f27.item' n='23r'/>
        <graphic url='http://www.gallica.bnf.fr/ark:/12148/btv1b9066978w/f28.item' n='23v'/>
        <graphic url='http://www.gallica.bnf.fr/ark:/12148/btv1b9066978w/f28.item' n='24r'/>
        <graphic url='http://www.gallica.bnf.fr/ark:/12148/btv1b9066978w/f29.item' n='24v'/>
        <graphic url='http://www.gallica.bnf.fr/ark:/12148/btv1b9066978w/f29.item' n='25r'/>
        <graphic url='http://www.gallica.bnf.fr/ark:/12148/btv1b9066978w/f31.item' n='25v'/>
        <graphic url='http://www.gallica.bnf.fr/ark:/12148/btv1b9066978w/f31.item' n='26r'/>
        <graphic url='http://www.gallica.bnf.fr/ark:/12148/btv1b9066978w/f32.item' n='26v'/>
        <graphic url='http://www.gallica.bnf.fr/ark:/12148/btv1b9066978w/f32.item' n='26r'/>
        <graphic url='http://www.gallica.bnf.fr/ark:/12148/btv1b9066978w/f33.item' n='27v'/>
        <graphic url='http://www.gallica.bnf.fr/ark:/12148/btv1b9066978w/f33.item' n='27r'/>
        <graphic url='http://www.gallica.bnf.fr/ark:/12148/btv1b9066978w/f34.item' n='28v'/>
        <graphic url='http://www.gallica.bnf.fr/ark:/12148/btv1b9066978w/f34.item' n='28r'/>
        <graphic url='http://www.gallica.bnf.fr/ark:/12148/btv1b9066978w/f35.item' n='29v'/>
        <graphic url='http://www.gallica.bnf.fr/ark:/12148/btv1b9066978w/f35.item' n='30r'/>
        <graphic url='http://www.gallica.bnf.fr/ark:/12148/btv1b9066978w/f36.item' n='30v'/>
        <graphic url='http://www.gallica.bnf.fr/ark:/12148/btv1b9066978w/f36.item' n='31r'/>
        <graphic url='http://www.gallica.bnf.fr/ark:/12148/btv1b9066978w/f37.item' n='31v'/>
        <graphic url='http://www.gallica.bnf.fr/ark:/12148/btv1b9066978w/f37.item' n='32r'/>
        <graphic url='http://www.gallica.bnf.fr/ark:/12148/btv1b9066978w/f38.item' n='32v'/>
        <graphic url='http://www.gallica.bnf.fr/ark:/12148/btv1b9066978w/f38.item' n='33r'/>
        <graphic url='http://www.gallica.bnf.fr/ark:/12148/btv1b9066978w/f39.item' n='33v'/>
        <graphic url='http://www.gallica.bnf.fr/ark:/12148/btv1b9066978w/f39.item' n='34r'/>
        <graphic url='http://www.gallica.bnf.fr/ark:/12148/btv1b9066978w/f40.item' n='34v'/>
        <graphic url='http://www.gallica.bnf.fr/ark:/12148/btv1b9066978w/f40.item' n='35r'/>
        <graphic url='http://www.gallica.bnf.fr/ark:/12148/btv1b9066978w/f41.item' n='35v'/>
        <graphic url='http://www.gallica.bnf.fr/ark:/12148/btv1b9066978w/f41.item' n='36r'/>
        <graphic url='http://www.gallica.bnf.fr/ark:/12148/btv1b9066978w/f42.item' n='36v'/>
        <graphic url='http://www.gallica.bnf.fr/ark:/12148/btv1b9066978w/f42.item' n='37r'/>
        <graphic url='http://www.gallica.bnf.fr/ark:/12148/btv1b9066978w/f43.item' n='37v'/>
        <graphic url='http://www.gallica.bnf.fr/ark:/12148/btv1b9066978w/f43.item' n='38r'/>
        <graphic url='http://www.gallica.bnf.fr/ark:/12148/btv1b9066978w/f44.item' n='38v'/>
        <graphic url='http://www.gallica.bnf.fr/ark:/12148/btv1b9066978w/f44.item' n='39r'/>
        <graphic url='http://www.gallica.bnf.fr/ark:/12148/btv1b9066978w/f45.item' n='39v'/>
        <graphic url='http://www.gallica.bnf.fr/ark:/12148/btv1b9066978w/f45.item' n='40r'/>
        <graphic url='http://www.gallica.bnf.fr/ark:/12148/btv1b9066978w/f46.item' n='40v'/>
        <graphic url='http://www.gallica.bnf.fr/ark:/12148/btv1b9066978w/f46.item' n='41r'/>
        <graphic url='http://www.gallica.bnf.fr/ark:/12148/btv1b9066978w/f47.item' n='41v'/>
        <graphic url='http://www.gallica.bnf.fr/ark:/12148/btv1b9066978w/f47.item' n='42r'/>
        <graphic url='http://www.gallica.bnf.fr/ark:/12148/btv1b9066978w/f48.item' n='42v'/>
        <graphic url='http://www.gallica.bnf.fr/ark:/12148/btv1b9066978w/f48.item' n='43r'/>
        <graphic url='http://www.gallica.bnf.fr/ark:/12148/btv1b9066978w/f49.item' n='43v'/>
        <graphic url='http://www.gallica.bnf.fr/ark:/12148/btv1b9066978w/f49.item' n='44r'/>
        <graphic url='http://www.gallica.bnf.fr/ark:/12148/btv1b9066978w/f50.item' n='44v'/>
        <graphic url='http://www.gallica.bnf.fr/ark:/12148/btv1b9066978w/f50.item' n='45r'/>
        <graphic url='http://www.gallica.bnf.fr/ark:/12148/btv1b9066978w/f51.item' n='45v'/>
        <graphic url='http://www.gallica.bnf.fr/ark:/12148/btv1b9066978w/f51.item' n='46r'/>
        <graphic url='http://www.gallica.bnf.fr/ark:/12148/btv1b9066978w/f52.item' n='46v'/>
        <graphic url='http://www.gallica.bnf.fr/ark:/12148/btv1b9066978w/f52.item' n='47r'/>
        <graphic url='http://www.gallica.bnf.fr/ark:/12148/btv1b9066978w/f53.item' n='47v'/>
        <graphic url='http://www.gallica.bnf.fr/ark:/12148/btv1b9066978w/f53.item' n='48r'/>
        <graphic url='http://www.gallica.bnf.fr/ark:/12148/btv1b9066978w/f54.item' n='48v'/>
        <graphic url='http://www.gallica.bnf.fr/ark:/12148/btv1b9066978w/f54.item' n='49r'/>
        <graphic url='http://www.gallica.bnf.fr/ark:/12148/btv1b9066978w/f55.item' n='49v'/>
        <graphic url='http://www.gallica.bnf.fr/ark:/12148/btv1b9066978w/f55.item' n='50r'/>
        <graphic url='http://www.gallica.bnf.fr/ark:/12148/btv1b9066978w/f57.item' n='50v'/>
        <graphic url='http://www.gallica.bnf.fr/ark:/12148/btv1b9066978w/f57.item' n='51r'/>
        <graphic url='http://www.gallica.bnf.fr/ark:/12148/btv1b9066978w/f58.item' n='51v'/>
        <graphic url='http://www.gallica.bnf.fr/ark:/12148/btv1b9066978w/f58.item' n='52r'/>
        <graphic url='http://www.gallica.bnf.fr/ark:/12148/btv1b9066978w/f59.item' n='52v'/>
        <graphic url='http://www.gallica.bnf.fr/ark:/12148/btv1b9066978w/f59.item' n='53r'/>
        <graphic url='http://www.gallica.bnf.fr/ark:/12148/btv1b9066978w/f60.item' n='53v'/>
        <graphic url='http://www.gallica.bnf.fr/ark:/12148/btv1b9066978w/f60.item' n='54r'/>
        <graphic url='http://www.gallica.bnf.fr/ark:/12148/btv1b9066978w/f61.item' n='54v'/>
        <graphic url='http://www.gallica.bnf.fr/ark:/12148/btv1b9066978w/f61.item' n='55r'/>
        <graphic url='http://www.gallica.bnf.fr/ark:/12148/btv1b9066978w/f62.item' n='55v'/>
        <graphic url='http://www.gallica.bnf.fr/ark:/12148/btv1b9066978w/f62.item' n='56r'/>
        <graphic url='http://www.gallica.bnf.fr/ark:/12148/btv1b9066978w/f63.item' n='56v'/>
        <graphic url='http://www.gallica.bnf.fr/ark:/12148/btv1b9066978w/f63.item' n='57r'/>
        <graphic url='http://www.gallica.bnf.fr/ark:/12148/btv1b9066978w/f64.item' n='57v'/>
        <graphic url='http://www.gallica.bnf.fr/ark:/12148/btv1b9066978w/f64.item' n='58r'/>
        <graphic url='http://www.gallica.bnf.fr/ark:/12148/btv1b9066978w/f65.item' n='58v'/>
        <graphic url='http://www.gallica.bnf.fr/ark:/12148/btv1b9066978w/f65.item' n='59r'/>
        <graphic url='http://www.gallica.bnf.fr/ark:/12148/btv1b9066978w/f66.item' n='59v'/>
        <graphic url='http://www.gallica.bnf.fr/ark:/12148/btv1b9066978w/f66.item' n='60r'/>
        <graphic url='http://www.gallica.bnf.fr/ark:/12148/btv1b9066978w/f67.item' n='60v'/>
        <graphic url='http://www.gallica.bnf.fr/ark:/12148/btv1b9066978w/f67.item' n='61r'/>
        <graphic url='http://www.gallica.bnf.fr/ark:/12148/btv1b9066978w/f68.item' n='61v'/>
        <graphic url='http://www.gallica.bnf.fr/ark:/12148/btv1b9066978w/f68.item' n='62r'/>
        <graphic url='http://www.gallica.bnf.fr/ark:/12148/btv1b9066978w/f69.item' n='62v'/>
        <graphic url='http://www.gallica.bnf.fr/ark:/12148/btv1b9066978w/f69.item' n='63r'/>
        <graphic url='http://www.gallica.bnf.fr/ark:/12148/btv1b9066978w/f70.item' n='63v'/>
        <graphic url='http://www.gallica.bnf.fr/ark:/12148/btv1b9066978w/f70.item' n='64r'/>
        <graphic url='http://www.gallica.bnf.fr/ark:/12148/btv1b9066978w/f71.item' n='64v'/>
        <graphic url='http://www.gallica.bnf.fr/ark:/12148/btv1b9066978w/f71.item' n='65r'/>
        <graphic url='http://www.gallica.bnf.fr/ark:/12148/btv1b9066978w/f72.item' n='65v'/>
        <graphic url='http://www.gallica.bnf.fr/ark:/12148/btv1b9066978w/f72.item' n='66r'/>
        <graphic url='http://www.gallica.bnf.fr/ark:/12148/btv1b9066978w/f73.item' n='66v'/>
        <graphic url='http://www.gallica.bnf.fr/ark:/12148/btv1b9066978w/f73.item' n='67r'/>
        <graphic url='http://www.gallica.bnf.fr/ark:/12148/btv1b9066978w/f74.item' n='67v'/>
        <graphic url='http://www.gallica.bnf.fr/ark:/12148/btv1b9066978w/f74.item' n='68r'/>
        <graphic url='http://www.gallica.bnf.fr/ark:/12148/btv1b9066978w/f75.item' n='68v'/>
        <graphic url='http://www.gallica.bnf.fr/ark:/12148/btv1b9066978w/f75.item' n='69r'/>
        <graphic url='http://www.gallica.bnf.fr/ark:/12148/btv1b9066978w/f76.item' n='69v'/>
        <graphic url='http://www.gallica.bnf.fr/ark:/12148/btv1b9066978w/f76.item' n='70r'/>
        <graphic url='http://www.gallica.bnf.fr/ark:/12148/btv1b9066978w/f77.item' n='70v'/>
        <graphic url='http://www.gallica.bnf.fr/ark:/12148/btv1b9066978w/f77.item' n='71r'/>
        <graphic url='http://www.gallica.bnf.fr/ark:/12148/btv1b9066978w/f79.item' n='71v'/>
        <graphic url='http://www.gallica.bnf.fr/ark:/12148/btv1b9066978w/f79.item' n='72r'/>
        <graphic url='http://www.gallica.bnf.fr/ark:/12148/btv1b9066978w/f80.item' n='72v'/>
        <graphic url='http://www.gallica.bnf.fr/ark:/12148/btv1b9066978w/f80.item' n='73r'/>
        <graphic url='http://www.gallica.bnf.fr/ark:/12148/btv1b9066978w/f81.item' n='73v'/>
        <graphic url='http://www.gallica.bnf.fr/ark:/12148/btv1b9066978w/f81.item' n='74r'/>
        <graphic url='http://www.gallica.bnf.fr/ark:/12148/btv1b9066978w/f82.item' n='74v'/>
        <graphic url='http://www.gallica.bnf.fr/ark:/12148/btv1b9066978w/f82.item' n='75r'/>
        <graphic url='http://www.gallica.bnf.fr/ark:/12148/btv1b9066978w/f83.item' n='75v'/>
        <graphic url='http://www.gallica.bnf.fr/ark:/12148/btv1b9066978w/f83.item' n='76r'/>
        <graphic url='http://www.gallica.bnf.fr/ark:/12148/btv1b9066978w/f84.item' n='76v'/>
        <graphic url='http://www.gallica.bnf.fr/ark:/12148/btv1b9066978w/f84.item' n='77r'/>
        <graphic url='http://www.gallica.bnf.fr/ark:/12148/btv1b9066978w/f85.item' n='77v'/>
        <graphic url='http://www.gallica.bnf.fr/ark:/12148/btv1b9066978w/f85.item' n='78r'/>
        <graphic url='http://www.gallica.bnf.fr/ark:/12148/btv1b9066978w/f86.item' n='78v'/>
        <graphic url='http://www.gallica.bnf.fr/ark:/12148/btv1b9066978w/f86.item' n='79'/>
        <graphic url='http://www.gallica.bnf.fr/ark:/12148/btv1b9066978w/f87.item' n='79v'/>
        <graphic url='http://www.gallica.bnf.fr/ark:/12148/btv1b9066978w/f87.item' n='80r'/>
        <graphic url='http://www.gallica.bnf.fr/ark:/12148/btv1b9066978w/f88.item' n='80v'/>
        <graphic url='http://www.gallica.bnf.fr/ark:/12148/btv1b9066978w/f88.item' n='81r'/>
        <graphic url='http://www.gallica.bnf.fr/ark:/12148/btv1b9066978w/f89.item' n='81v'/>
        <graphic url='http://www.gallica.bnf.fr/ark:/12148/btv1b9066978w/f89.item' n='82r'/>
        <graphic url='http://www.gallica.bnf.fr/ark:/12148/btv1b9066978w/f90.item' n='82v'/>
        <graphic url='http://www.gallica.bnf.fr/ark:/12148/btv1b9066978w/f90.item' n='83r'/>
        <graphic url='http://www.gallica.bnf.fr/ark:/12148/btv1b9066978w/f91.item' n='83v'/>
        <graphic url='http://www.gallica.bnf.fr/ark:/12148/btv1b9066978w/f91.item' n='84r'/>
        <graphic url='http://www.gallica.bnf.fr/ark:/12148/btv1b9066978w/f92.item' n='84v'/>
        <graphic url='http://www.gallica.bnf.fr/ark:/12148/btv1b9066978w/f92.item' n='85r'/>
        <graphic url='http://www.gallica.bnf.fr/ark:/12148/btv1b9066978w/f93.item' n='85v'/>
        <graphic url='http://www.gallica.bnf.fr/ark:/12148/btv1b9066978w/f93.item' n='86r'/>
        <graphic url='http://www.gallica.bnf.fr/ark:/12148/btv1b9066978w/f94.item' n='86v'/>
        <graphic url='http://www.gallica.bnf.fr/ark:/12148/btv1b9066978w/f94.item' n='87r'/>
        <graphic url='http://www.gallica.bnf.fr/ark:/12148/btv1b9066978w/f95.item' n='87v'/>
        <graphic url='http://www.gallica.bnf.fr/ark:/12148/btv1b9066978w/f95.item' n='88r'/>
        <graphic url='http://www.gallica.bnf.fr/ark:/12148/btv1b9066978w/f96.item' n='88v'/>
        <graphic url='http://www.gallica.bnf.fr/ark:/12148/btv1b9066978w/f96.item' n='89r'/>
        <graphic url='http://www.gallica.bnf.fr/ark:/12148/btv1b9066978w/f97.item' n='89v'/>
        <graphic url='http://www.gallica.bnf.fr/ark:/12148/btv1b9066978w/f97.item' n='90r'/>
        <graphic url='http://www.gallica.bnf.fr/ark:/12148/btv1b9066978w/f98.item' n='90v'/>
        <graphic url='http://www.gallica.bnf.fr/ark:/12148/btv1b9066978w/f98.item' n='91r'/>
        <graphic url='http://www.gallica.bnf.fr/ark:/12148/btv1b9066978w/f99.item' n='91v'/>
        <graphic url='http://www.gallica.bnf.fr/ark:/12148/btv1b9066978w/f99.item' n='92r'/>
        <graphic url='http://www.gallica.bnf.fr/ark:/12148/btv1b9066978w/f100.item' n='92v'/>
        <graphic url='http://www.gallica.bnf.fr/ark:/12148/btv1b9066978w/f100.item' n='93r'/>
        <graphic url='http://www.gallica.bnf.fr/ark:/12148/btv1b9066978w/f102.item' n='93v'/>
        <graphic url='http://www.gallica.bnf.fr/ark:/12148/btv1b9066978w/f102.item' n='94r'/>
        <graphic url='http://www.gallica.bnf.fr/ark:/12148/btv1b9066978w/f103.item' n='94v'/>
        <graphic url='http://www.gallica.bnf.fr/ark:/12148/btv1b9066978w/f103.item' n='95r'/>
        <graphic url='http://www.gallica.bnf.fr/ark:/12148/btv1b9066978w/f104.item' n='95v'/>
        <graphic url='http://www.gallica.bnf.fr/ark:/12148/btv1b9066978w/f104.item' n='96r'/>
        <graphic url='http://www.gallica.bnf.fr/ark:/12148/btv1b9066978w/f105.item' n='96v'/>
        <graphic url='http://www.gallica.bnf.fr/ark:/12148/btv1b9066978w/f105.item' n='97r'/>
        <graphic url='http://www.gallica.bnf.fr/ark:/12148/btv1b9066978w/f106.item' n='97v'/>
        <graphic url='http://www.gallica.bnf.fr/ark:/12148/btv1b9066978w/f106.item' n='98r'/>
        <graphic url='http://www.gallica.bnf.fr/ark:/12148/btv1b9066978w/f107.item' n='98v'/>
        <graphic url='http://www.gallica.bnf.fr/ark:/12148/btv1b9066978w/f107.item' n='99r'/>
        <graphic url='http://www.gallica.bnf.fr/ark:/12148/btv1b9066978w/f108.item' n='99v'/>
        <graphic url='http://www.gallica.bnf.fr/ark:/12148/btv1b9066978w/f108.item' n='100r'/>
        <graphic url='http://www.gallica.bnf.fr/ark:/12148/btv1b9066978w/f109.item' n='100v'/>
        <graphic url='http://www.gallica.bnf.fr/ark:/12148/btv1b9066978w/f109.item' n='101r'/>
        <graphic url='http://www.gallica.bnf.fr/ark:/12148/btv1b9066978w/f110.item' n='101v'/>
        <graphic url='http://www.gallica.bnf.fr/ark:/12148/btv1b9066978w/f110.item' n='102r'/>
        <graphic url='http://www.gallica.bnf.fr/ark:/12148/btv1b9066978w/f111.item' n='102v'/>
        <graphic url='http://www.gallica.bnf.fr/ark:/12148/btv1b9066978w/f111.item' n='103r'/>
        <graphic url='http://www.gallica.bnf.fr/ark:/12148/btv1b9066978w/f112.item' n='103v'/>
        <graphic url='http://www.gallica.bnf.fr/ark:/12148/btv1b9066978w/f112.item' n='104r'/>
        <graphic url='http://www.gallica.bnf.fr/ark:/12148/btv1b9066978w/f113.item' n='104v'/>
        <graphic url='http://www.gallica.bnf.fr/ark:/12148/btv1b9066978w/f113.item' n='105r'/>
        <graphic url='http://www.gallica.bnf.fr/ark:/12148/btv1b9066978w/f114.item' n='105v'/>
        <graphic url='http://www.gallica.bnf.fr/ark:/12148/btv1b9066978w/f114.item' n='106r'/>
        <graphic url='http://www.gallica.bnf.fr/ark:/12148/btv1b9066978w/f115.item' n='106v'/>
        <graphic url='http://www.gallica.bnf.fr/ark:/12148/btv1b9066978w/f115.item' n='107r'/>
        <graphic url='http://www.gallica.bnf.fr/ark:/12148/btv1b9066978w/f116.item' n='107v'/>
        <graphic url='http://www.gallica.bnf.fr/ark:/12148/btv1b9066978w/f116.item' n='108r'/>
        <graphic url='http://www.gallica.bnf.fr/ark:/12148/btv1b9066978w/f118.item' n='108v'/>
        <graphic url='http://www.gallica.bnf.fr/ark:/12148/btv1b9066978w/f118.item' n='109r'/>
        <graphic url='http://www.gallica.bnf.fr/ark:/12148/btv1b9066978w/f120.item' n='109v'/>
        <graphic url='http://www.gallica.bnf.fr/ark:/12148/btv1b9066978w/f120.item' n='110r'/>
        <graphic url='http://www.gallica.bnf.fr/ark:/12148/btv1b9066978w/f121.item' n='110v'/>
        <graphic url='http://www.gallica.bnf.fr/ark:/12148/btv1b9066978w/f121.item' n='111r'/>
        <graphic url='http://www.gallica.bnf.fr/ark:/12148/btv1b9066978w/f122.item' n='111v'/>
        <graphic url='http://www.gallica.bnf.fr/ark:/12148/btv1b9066978w/f122.item' n='112r'/>
        <graphic url='http://www.gallica.bnf.fr/ark:/12148/btv1b9066978w/f123.item' n='112v'/>
        <graphic url='http://www.gallica.bnf.fr/ark:/12148/btv1b9066978w/f123.item' n='113r'/>
        <graphic url='http://www.gallica.bnf.fr/ark:/12148/btv1b9066978w/f124.item' n='113v'/>
        <graphic url='http://www.gallica.bnf.fr/ark:/12148/btv1b9066978w/f124.item' n='114r'/>
        <graphic url='http://www.gallica.bnf.fr/ark:/12148/btv1b9066978w/f125.item' n='114v'/>
        <graphic url='http://www.gallica.bnf.fr/ark:/12148/btv1b9066978w/f125.item' n='115r'/>
        <graphic url='http://www.gallica.bnf.fr/ark:/12148/btv1b9066978w/f126.item' n='115v'/>
        <graphic url='http://www.gallica.bnf.fr/ark:/12148/btv1b9066978w/f126.item' n='116r'/>
        <graphic url='http://www.gallica.bnf.fr/ark:/12148/btv1b9066978w/f127.item' n='116v'/>
        <graphic url='http://www.gallica.bnf.fr/ark:/12148/btv1b9066978w/f127.item' n='117r'/>
        <graphic url='http://www.gallica.bnf.fr/ark:/12148/btv1b9066978w/f128.item' n='117v'/>
        <graphic url='http://www.gallica.bnf.fr/ark:/12148/btv1b9066978w/f128.item' n='118r'/>
        <graphic url='http://www.gallica.bnf.fr/ark:/12148/btv1b9066978w/f129.item' n='118v'/>
        <graphic url='http://www.gallica.bnf.fr/ark:/12148/btv1b9066978w/f129.item' n='119r'/>
        <graphic url='http://www.gallica.bnf.fr/ark:/12148/btv1b9066978w/f130.item' n='119v'/>
        <graphic url='http://www.gallica.bnf.fr/ark:/12148/btv1b9066978w/f130.item' n='120r'/>
        <graphic url='http://www.gallica.bnf.fr/ark:/12148/btv1b9066978w/f131.item' n='120v'/>
        <graphic url='http://www.gallica.bnf.fr/ark:/12148/btv1b9066978w/f131.item' n='121r'/>
        <graphic url='http://www.gallica.bnf.fr/ark:/12148/btv1b9066978w/f132.item' n='121v'/>
        <graphic url='http://www.gallica.bnf.fr/ark:/12148/btv1b9066978w/f132.item' n='122r'/>
        <graphic url='http://www.gallica.bnf.fr/ark:/12148/btv1b9066978w/f133.item' n='122v'/>
        <graphic url='http://www.gallica.bnf.fr/ark:/12148/btv1b9066978w/f133.item' n='123r'/>
        <graphic url='http://www.gallica.bnf.fr/ark:/12148/btv1b9066978w/f134.item' n='123v'/>
        <graphic url='http://www.gallica.bnf.fr/ark:/12148/btv1b9066978w/f134.item' n='124r'/>
        <graphic url='http://www.gallica.bnf.fr/ark:/12148/btv1b9066978w/f135.item' n='124v'/>
        <graphic url='http://www.gallica.bnf.fr/ark:/12148/btv1b9066978w/f135.item' n='125r'/>
        <graphic url='http://www.gallica.bnf.fr/ark:/12148/btv1b9066978w/f137.item' n='125v'/>
        <graphic url='http://www.gallica.bnf.fr/ark:/12148/btv1b9066978w/f137.item' n='126r'/>
        <graphic url='http://www.gallica.bnf.fr/ark:/12148/btv1b9066978w/f138.item' n='126v'/>
        <graphic url='http://www.gallica.bnf.fr/ark:/12148/btv1b9066978w/f138.item' n='127r'/>
        <graphic url='http://www.gallica.bnf.fr/ark:/12148/btv1b9066978w/f139.item' n='127v'/>
        <graphic url='http://www.gallica.bnf.fr/ark:/12148/btv1b9066978w/f139.item' n='128r'/>
        <graphic url='http://www.gallica.bnf.fr/ark:/12148/btv1b9066978w/f140.item' n='128v'/>
        <graphic url='http://www.gallica.bnf.fr/ark:/12148/btv1b9066978w/f140.item' n='129r'/>
        <graphic url='http://www.gallica.bnf.fr/ark:/12148/btv1b9066978w/f141.item' n='129v'/>
        <graphic url='http://www.gallica.bnf.fr/ark:/12148/btv1b9066978w/f141.item' n='130r'/>
        <graphic url='http://www.gallica.bnf.fr/ark:/12148/btv1b9066978w/f142.item' n='130v'/>
        <graphic url='http://www.gallica.bnf.fr/ark:/12148/btv1b9066978w/f142.item' n='131r'/>
        <graphic url='http://www.gallica.bnf.fr/ark:/12148/btv1b9066978w/f143.item' n='131v'/>
        <graphic url='http://www.gallica.bnf.fr/ark:/12148/btv1b9066978w/f143.item' n='132r'/>
        <graphic url='http://www.gallica.bnf.fr/ark:/12148/btv1b9066978w/f144.item' n='132v'/>
        <graphic url='http://www.gallica.bnf.fr/ark:/12148/btv1b9066978w/f144.item' n='133r'/>
        <graphic url='http://www.gallica.bnf.fr/ark:/12148/btv1b9066978w/f145.item' n='133v'/>
        <graphic url='http://www.gallica.bnf.fr/ark:/12148/btv1b9066978w/f145.item' n='134r'/>
        <graphic url='http://www.gallica.bnf.fr/ark:/12148/btv1b9066978w/f146.item' n='134v'/>
        <graphic url='http://www.gallica.bnf.fr/ark:/12148/btv1b9066978w/f146.item' n='135r'/>
        <graphic url='http://www.gallica.bnf.fr/ark:/12148/btv1b9066978w/f147.item' n='135v'/>
        <graphic url='http://www.gallica.bnf.fr/ark:/12148/btv1b9066978w/f147.item' n='136r'/>
        <graphic url='http://www.gallica.bnf.fr/ark:/12148/btv1b9066978w/f148.item' n='136v'/>
        <graphic url='http://www.gallica.bnf.fr/ark:/12148/btv1b9066978w/f148.item' n='137r'/>
        <graphic url='http://www.gallica.bnf.fr/ark:/12148/btv1b9066978w/f149.item' n='137v'/>
        <graphic url='http://www.gallica.bnf.fr/ark:/12148/btv1b9066978w/f149.item' n='138r'/>
        <graphic url='http://www.gallica.bnf.fr/ark:/12148/btv1b9066978w/f150.item' n='138v'/>
        <graphic url='http://www.gallica.bnf.fr/ark:/12148/btv1b9066978w/f150.item' n='139r'/>
        <graphic url='http://www.gallica.bnf.fr/ark:/12148/btv1b9066978w/f151.item' n='139v'/>
        <graphic url='http://www.gallica.bnf.fr/ark:/12148/btv1b9066978w/f151.item' n='140r'/>
        <graphic url='http://www.gallica.bnf.fr/ark:/12148/btv1b9066978w/f152.item' n='140v'/>
        <graphic url='http://www.gallica.bnf.fr/ark:/12148/btv1b9066978w/f152.item' n='141r'/>
        <graphic url='http://www.gallica.bnf.fr/ark:/12148/btv1b9066978w/f153.item' n='141v'/>
        <graphic url='http://www.gallica.bnf.fr/ark:/12148/btv1b9066978w/f153.item' n='142r'/>
        <graphic url='http://www.gallica.bnf.fr/ark:/12148/btv1b9066978w/f154.item' n='142v'/>
        <graphic url='http://www.gallica.bnf.fr/ark:/12148/btv1b9066978w/f154.item' n='143r'/>
        <graphic url='http://www.gallica.bnf.fr/ark:/12148/btv1b9066978w/f155.item' n='143v'/>
        <graphic url='http://www.gallica.bnf.fr/ark:/12148/btv1b9066978w/f155.item' n='144r'/>
        <graphic url='http://www.gallica.bnf.fr/ark:/12148/btv1b9066978w/f156.item' n='144v'/>
        <graphic url='http://www.gallica.bnf.fr/ark:/12148/btv1b9066978w/f156.item' n='145r'/>
        <graphic url='http://www.gallica.bnf.fr/ark:/12148/btv1b9066978w/f157.item' n='145v'/>
        <graphic url='http://www.gallica.bnf.fr/ark:/12148/btv1b9066978w/f157.item' n='146r'/>
        <graphic url='http://www.gallica.bnf.fr/ark:/12148/btv1b9066978w/f158.item' n='146v'/>
        <graphic url='http://www.gallica.bnf.fr/ark:/12148/btv1b9066978w/f158.item' n='147r'/>
        <graphic url='http://www.gallica.bnf.fr/ark:/12148/btv1b9066978w/f159.item' n='147v'/>
        <graphic url='http://www.gallica.bnf.fr/ark:/12148/btv1b9066978w/f159.item' n='148r'/>
        <graphic url='http://www.gallica.bnf.fr/ark:/12148/btv1b9066978w/f160.item' n='148v'/>
        <graphic url='http://www.gallica.bnf.fr/ark:/12148/btv1b9066978w/f160.item' n='149r'/>
        <graphic url='http://www.gallica.bnf.fr/ark:/12148/btv1b9066978w/f161.item' n='149v'/>
        <graphic url='http://www.gallica.bnf.fr/ark:/12148/btv1b9066978w/f161.item' n='150r'/>
        <graphic url='http://www.gallica.bnf.fr/ark:/12148/btv1b9066978w/f162.item' n='150v'/>
        <graphic url='http://www.gallica.bnf.fr/ark:/12148/btv1b9066978w/f162.item' n='151r'/>
        <graphic url='http://www.gallica.bnf.fr/ark:/12148/btv1b9066978w/f163.item' n='151v'/>
        <graphic url='http://www.gallica.bnf.fr/ark:/12148/btv1b9066978w/f163.item' n='152r'/>
        <graphic url='http://www.gallica.bnf.fr/ark:/12148/btv1b9066978w/f164.item' n='152v'/>
        <graphic url='http://www.gallica.bnf.fr/ark:/12148/btv1b9066978w/f164.item' n='153r'/>
        <graphic url='http://www.gallica.bnf.fr/ark:/12148/btv1b9066978w/f167.item' n='153v'/>
        <graphic url='http://www.gallica.bnf.fr/ark:/12148/btv1b9066978w/f167.item' n='154r'/>
        <graphic url='http://www.gallica.bnf.fr/ark:/12148/btv1b9066978w/f168.item' n='154v'/>
        <graphic url='http://www.gallica.bnf.fr/ark:/12148/btv1b9066978w/f168.item' n='155r'/>
        <graphic url='http://www.gallica.bnf.fr/ark:/12148/btv1b9066978w/f169.item' n='155v'/>
        <graphic url='http://www.gallica.bnf.fr/ark:/12148/btv1b9066978w/f169.item' n='156r'/>
        <graphic url='http://www.gallica.bnf.fr/ark:/12148/btv1b9066978w/f170.item' n='156v'/>
        <graphic url='http://www.gallica.bnf.fr/ark:/12148/btv1b9066978w/f170.item' n='157r'/>
        <graphic url='http://www.gallica.bnf.fr/ark:/12148/btv1b9066978w/f171.item' n='157v'/>
        <graphic url='http://www.gallica.bnf.fr/ark:/12148/btv1b9066978w/f171.item' n='158r'/>
        <graphic url='http://www.gallica.bnf.fr/ark:/12148/btv1b9066978w/f172.item' n='158v'/>
        <graphic url='http://www.gallica.bnf.fr/ark:/12148/btv1b9066978w/f172.item' n='159r'/>
        <graphic url='http://www.gallica.bnf.fr/ark:/12148/btv1b9066978w/f173.item' n='159v'/>
        <graphic url='http://www.gallica.bnf.fr/ark:/12148/btv1b9066978w/f173.item' n='160r'/>
        <graphic url='http://www.gallica.bnf.fr/ark:/12148/btv1b9066978w/f174.item' n='160v'/>
        <graphic url='http://www.gallica.bnf.fr/ark:/12148/btv1b9066978w/f174.item' n='161r'/>
        <graphic url='http://www.gallica.bnf.fr/ark:/12148/btv1b9066978w/f175.item' n='161v'/>
        <graphic url='http://www.gallica.bnf.fr/ark:/12148/btv1b9066978w/f175.item' n='162r'/>
        <graphic url='http://www.gallica.bnf.fr/ark:/12148/btv1b9066978w/f176.item' n='162v'/>
        <graphic url='http://www.gallica.bnf.fr/ark:/12148/btv1b9066978w/f176.item' n='163r'/>
        <graphic url='http://www.gallica.bnf.fr/ark:/12148/btv1b9066978w/f177.item' n='163v'/>
        <graphic url='http://www.gallica.bnf.fr/ark:/12148/btv1b9066978w/f177.item' n='164r'/>
        <graphic url='http://www.gallica.bnf.fr/ark:/12148/btv1b9066978w/f178.item' n='164v'/>
        <graphic url='http://www.gallica.bnf.fr/ark:/12148/btv1b9066978w/f178.item' n='165r'/>
        <graphic url='http://www.gallica.bnf.fr/ark:/12148/btv1b9066978w/f179.item' n='165v'/>
        <graphic url='http://www.gallica.bnf.fr/ark:/12148/btv1b9066978w/f179.item' n='166r'/>
        <graphic url='http://www.gallica.bnf.fr/ark:/12148/btv1b9066978w/f181.item' n='166v'/>
        <graphic url='http://www.gallica.bnf.fr/ark:/12148/btv1b9066978w/f181.item' n='167r'/>
        <graphic url='http://www.gallica.bnf.fr/ark:/12148/btv1b9066978w/f182.item' n='167v'/>
        <graphic url='http://www.gallica.bnf.fr/ark:/12148/btv1b9066978w/f182.item' n='168r'/>
        <graphic url='http://www.gallica.bnf.fr/ark:/12148/btv1b9066978w/f183.item' n='168v'/>
    </facsimile>
    <text>
        <body>
            <msDesc xml:id="paris_bnf_13955" xml:lang="eng">
                <msIdentifier>
                    <settlement>Paris</settlement>
                    <repository>BnF</repository>
                    <idno>lat. 13955</idno>
                </msIdentifier>
                <head>
                    <title>Paris Compend</title>
                    <origPlace ref="#corbie">Corbie</origPlace>
                    <origDate notBefore="0801" notAfter="0900">s. IX</origDate> (with additions till the <date notBefore="1001" notAfter="1100">s. XI</date>)
                </head>                
            <msContents>
               <msItem>
                  <locus from="1r">1r</locus>
                   <note>Collection of words and their meaning. Excerpts from <rs type="person" ref="#priscianus" role="author">Priscian</rs>: <title>Institutiones</title>, <rs type="person" ref="#macrobius" role="author">Macrobius</rs>: <title>Saturnalia</title> (lib. 2, cap. 8) and others.</note>
                  <incipit>Somnium tegitur figuris et uelatur ambagibus</incipit>
                   <explicit>hec uocabulo dicta que ea liberi bella<unclear>ria</unclear>.</explicit>
               </msItem>
               <msItem>
                  <locus from="1v">1v</locus>
                   <author ref="#iulius_vistor">Iulius Victor</author>
                   <note>Excerpts from <title>Ars rhetorica</title>, cap. 22, 23, 25.</note>
                   <rubric rend="rustics">Iulii uictoris</rubric>
                  <incipit>In his autem quae cogitamus, et in his quae scribimus retinendis proderit</incipit>
                   <explicit>et in ipsa oratione quasi quendam numerum uersumque conficere.</explicit>
               </msItem>
                <msItem>
                    <locus from="1v" to="2v">1v-2v</locus>
                    <author ref="#boethius">Boethius</author>
                    <note>Excerpt from <title>Liber de persona et duabus naturis contra Eutychen et Nestorium</title> (cap. 3-4).</note>
                    <incipit>P <gap reason="illegible"/> nabilis indiuidua sub <gap reason="illegible"/> sed nos haec definitione <gap reason="illegible"/></incipit>
                    <explicit>duplicem quoque personam esse confessus est.</explicit>
                    <note>Some phrases written in greek characters (<quote>πρωσοπον</quote>, <quote>γποστασιν</quote> etc.)</note>
                </msItem>               
               <msItem>
                  <locus from="2v" to="3r">2v-3r</locus>
                   <author ref="#macrobius">Macrobius</author>
                   <rubric rend="rustics">Ambrosii Macrobii</rubric>
                  <note>Excerpt from <title>Commentarium in somnium Scipionis</title> (lib. 1, cap. 20, §§ 26-30).</note>
                  <incipit>Aequinoctiali die ante solis ortum <del>ingens</del> uas aequabiliter locatum saxeum</incipit>
                  <explicit>quod in cursu solis unam temporis aequinoctialis horam.</explicit>
               </msItem>
                <msItem>
                    <locus from="3r">3r</locus>
                    <note>Later addition from <date notBefore="0901" notAfter="1100">s. X-XI</date>: <term>Hymn</term> with Corbie interlinear <term>neumes</term>.</note>
                    <incipit>Laudes tibi mens et lingua</incipit>
                    <explicit>Cunctis monstrant inunda.</explicit>
                    <bibl>published online <ptr target="http://saprat.ephe.sorbonne.fr/media/d97c99a8d103ab85b9068ece37915554/latin-13955.pdf"/></bibl>
                </msItem>
               <msItem>
                  <locus from="3v">3v</locus>
                  <note>Anonymous poem.</note>
                   <incipit>Curre poema meum metaforice curre <subst><del>poema</del><add>camena</add></subst></incipit>
                   <explicit>Hoc fiat hoc detur tribuatur ab omnipotente.</explicit>
                  <bibl><note>Edited in </note><abbr>Ganz, Corbie</abbr>, pp. 159-160.</bibl>
               </msItem>
               <msItem>
                  <locus from="3v" to="4r">3v-4r</locus>
                   <author ref="#hucbaldus">Hucbaldus</author>
                  <note>Excerpt from <title>Musica enchiriadis</title>, cap. 3-4, cap. 1-2.</note>
                   <incipit>terminales siue finales dicuntur quia in unum aliquem ex his IIII<hi rend="sup">or</hi> melos</incipit>
                   <explicit>post dicetur. Sunt etiam plura alia plurium <gap reason="damage"/></explicit>
                   <note>A later addition. On f. <locus from="4r">4r</locus> partly in two columns with marginal annotations.</note>
                   <bibl><abbr>PL</abbr> 132, 957C-960A.</bibl>
               </msItem>   
                <msItem>
                    <locus from="4v">4v</locus>
                    <note>Originally left blank. Modern hand added a title <quote>Boetii Commentaria In Porphirium <gap reason="omitted"/></quote>.</note>
                </msItem>
               <msItem>
                   <locus from="5r" to="46v">5r-46v</locus>                                     
                  <author ref="#boethius">Boethius</author>
                  <title>In Isagogen Porphyrii commentorum</title>
                   <rubric rend="rustics">Boetii commenta in isagogas</rubric>
                   <incipit>Secundus hic areptae expositionis labor</incipit>
                   <explicit>continenti rerum disputationem et ad praedicamenta seruanti.</explicit>
                   <finalRubric rend="rustics">Anicii mallii seuerini boetii uc et ill in isagogas porphyrii editionis secundae liber V explicit.</finalRubric>
                   <note>Interlinear notes, marginal <term>Nota</term> signes.</note>
                   <bibl>Boethius. <title>In Isagogen Porphyrii Commenta</title>. Ed. Samuel Brandt. CSEL 48. Vienna-Leipzig, 1906 (reprint 2013). Pp. 135-348.</bibl>
               </msItem>
               <msItem>
                  <locus from="46v" to="53v">46v-53v</locus>
                   <author ref="#martianus_capella">Martianus Capella</author>
                   <note>Excerpt from <title ref="#de_nuptiis_VIII">De nuptiis</title> lib. VIII <title type="sub">De astronomia</title></note>
                   <rubric>Marciani Minnei Felicis Capelle de astronomia</rubric>
                   <incipit>Quae dum geruntur sacer senatur illos numerarum concinentium</incipit>
                   <explicit>percutiens aut in sublime tollit aut in profundum deprimit aut in latitudinem declinare aut retrogradare facit.</explicit>
                   <finalRubric rend="rustics">Explicit.</finalRubric>
                  <note>Many interlinear and marginal glosses by a different hand in a darker ink. Greek terms written in greek characters.</note>
                   <decoNote>Diagrams in the margins of ff. 51v and 52r showing the phases of the moon and the position of the celestial bodies during eclipse.</decoNote>
               </msItem>
               <msItem>
                  <locus from="53v" to="54r">53v-54r</locus>
                   <author ref="#martianus_capella">Martianus Capella</author>
                   <note>Excerpt from <title ref="#de_nuptiis">De nuptiis</title> lib. IX <title type="sub">De harmonia</title></note>
                  <incipit>Aurea flammigerum cum luna subegerit orbem</incipit>
                   <explicit>Fecunda redde pignora.</explicit>
                   <note>Text begins on the same new line without any rubrication.</note>
               </msItem>
               <msItem>
                  <locus from="54r" to="54v">54r-54v</locus>
                   <title ref="#excerptum_de_astrologia">Excerptum de astrologia</title>
                   <incipit>Duo sunt extremi uertices mundi quos appelant polos</incipit>
                   <explicit>ad ipsum usque decurrit accipiens.</explicit>
                   <note>No rubrication, a three-line high initial <quote>D</quote>.</note>
               </msItem>
               <msItem>
                  <locus from="54v" to="56r">54v-56r</locus>
                   <title ref="#de_ordine_ac_positione">De ordine ac positione</title>
                  <incipit>Helice arcturus maior habet stellas in capite VII</incipit>
                  <explicit>Anticanis habet stellas iii.</explicit>
                   <note>Text begins on a new line but without any rubrication. Each section is marked by a small initials, but begins on the same line as the preceding section.</note>
               </msItem>
               <msItem>
                  <locus from="56r" to="60r">56r-60r</locus>
                   <note>Compendium of excerpts on astronomy:</note>
                   <msItem>
                       <locus from="56r" to="56v">56r-v</locus>
                       <rubric>De caelestibus circulis</rubric>
                       <msItem>
                           <locus from="56r" to="56v">56r-v</locus>
                           <author ref="#macrobius">Macrobius</author>
                           <note>Excerpt from <title ref="#commentarium_somnium">Commentarium in Somnium Scipionis</title> lib. I, cap. 15.</note>
                           <incipit>Sunt praeter lacteum orbes uel circuli caelo subiecti numero X. Ex quibus hic solus </incipit>
                           <explicit>hos vii circuli uelpotius globi dicant qui uersantur retro contrario motu atque celum. sed illorum longe alia ratio est.</explicit>
                       </msItem>
                       <msItem>
                           <locus from="56v">56v</locus>
                           <author ref="#calcidius">Calcidius</author>
                           <note>Excerpt from <title ref="#commentary_calcidius">Timaeus a Calcidio translatus commentarioque instructus</title>, cap. 69.</note>
                           <incipit>Igitur fixae stellae nec errantes id est omnia signa quae superius descripta sunt</incipit>
                           <explicit>haec uaga sidera collocata sunt quorum primum ordo deinde cursus et euagatio referatur.</explicit>
                       </msItem>
                   </msItem>
                   <msItem>
                       <locus from="56v" to="59r">56v-59r</locus>
                       <rubric>De ordine planetarum <note>added in the margin</note></rubric>
                       <msItem>
                           <locus from="56v" to="57r">56v-57r</locus>
                           <author ref="#macrobius">Macrobius</author>
                           <note>Excerpt from <title ref="#commentarium_somnium">Commentarium</title> lib. I, cap. 19.</note>
                           <incipit>M. tullius cicero et plinius secundus quibus archimedes et chaldeorum ratio consentit ordinem planetarum talem posuerunt</incipit>
                           <explicit>solam refundit claritudinem non calorem.</explicit>
                       </msItem>
                       <msItem>
                           <locus from="57r" to="57v">57r-v</locus>
                           <author ref="#pliny">Pliny the Elder</author>
                           <note>Excerpts from <title ref="#historia_naturalis">Historia Naturalis</title> lib. II, cap. 45-46, 58-61, and 63-67.</note>
                           <incipit>Quapropter molliore et imperfecta ui soluere tantum humorem</incipit>
                           <explicit>ad austrum descendentium aut aquilonem subeuntium.</explicit>
                       </msItem>
                       <msItem>
                           <locus from="57v" to="59r">57v-59r</locus>
                           <author ref="#calcidius">Calcidius</author>
                           <note>Excerpt from <title ref="#commentary_calcidius">Timaeus a Calcidio translatus commentarioque instructus</title>, cap. 74, 85, 77-80.</note>
                           <incipit>Illud quoque addendum de stellis errantibus quasdam earum sequaces esse quas appelant hypolipticas</incipit>
                           <explicit>Mediae uero stature quam uelocitatis cum aut pisces aut uirginem transiet.</explicit>
                       </msItem>
                   </msItem>
                   <msItem>
                       <locus from="59r" to="60r">59r-60r</locus>
                       <rubric>De uario ortu et occasu planetarum <note>added in the margin</note></rubric>
                       <msItem>
                           <locus from="59r" to="59v">59r-v</locus>
                           <author ref="#calcidius">Calcidius</author>
                           <note>Excerpt from <title ref="#commentary_calcidius">Timaeus a Calcidio translatus commentarioque instructus</title>, cap. 71 and 70.</note>
                           <incipit>Ortus autem uarie dicitur proprie quidem prima stellarum et solis effulsio</incipit>
                           <explicit>Uenus uero prope <unclear>L</unclear> ad orientem occidentemque discedens.</explicit>
                       </msItem>
                       <msItem>
                           <locus from="59v" to="60r">59v-60r</locus>
                           <author ref="#pliny">Pliny the Elder</author>
                           <note>Excerpts from <title ref="#historia_naturalis">Historia Naturalis</title> lib. II, cap. 74-78.</note>
                           <incipit>Hinc motuum ratio conuersa intellegitur</incipit>
                           <explicit>nullo alio in signo quam ariete conspici.</explicit>
                       </msItem>
                   </msItem>
                   <bibl>Bruce Eastwood, “Calcidius’s Commentary on Plato’s Timeus in Latin Astronomy of the Ninth to Eleventh Centuries,” in Between Demonstration and Imagination: Essays in the History of Science and Philosophy Presented to John D. North, ed. L. Nauta and A. Vanderjagt (Leiden: Brill, 1999), 171–209.</bibl>
               </msItem>
               <msItem>
                  <locus from="60r" to="105v">60r-105v</locus>
                  <author ref="#boethius">Boethius</author>
                   <title ref="#de_musica">De institutione musica</title>
                   <rubric rend="rustics">Incipit musicae institutionis liber I anicii M. S. Boetii. Proemium.</rubric>
                   <incipit>Musicam naturaliter nobis esse coniunctam et mores uel honestare uel uertere Omnium quidem perceptio sensuum ita sponte ac naturaliter</incipit>
                   <explicit>non spissis uero ut in diationicis generibus nusquam una.</explicit>
                  <decoNote>Diagrams within the texts. Marginal annotations.</decoNote>
               </msItem>
               <msItem>
                  <locus from="105v" to="106r">105v-106r</locus>
                   <author ref="#gerbert">Gerbert of Aurillac</author>
                   <note>Letter to Constantinus on making a hemisphere. A later addition, written by a diferent scribe using probably left blank space.</note>
                   <rubric rend="rustics">Gerbertus Constantino</rubric>
                   <incipit>Sphera mi frater de qua queris ad celestes circulos uel signa ostendenda conponitur</incipit>
                   <explicit>nihil caeli sed terra tantum per utrasque fitulas intuenti occurrit.</explicit>
                   <bibl><abbr>Bubnov 1899</abbr>, pp. 25-28.</bibl>
                   <bibl>Gerbert of Aurillac. <title>The Letters of Gerbert with His Papal Privileges as Sylvester II</title>. Tr. Harriet Pratt Lattin. New York: Columbia Univ. Press, 1961 (here pp. 36-39).</bibl>
               </msItem>
               <msItem>
                  <locus from="106r" to="106v">106r-106v</locus>
                  <author ref="#fulbert_of_chartres">Fullbert of Chartres</author>
                   <note>Three short poems added later in the originally blank folio.</note>
                   <msItem>
                       <note>8 verses:</note>
                       <rubric>De libra et partibus eius</rubric>
                       <incipit>Libra uel a sex untiolis constat duodeni</incipit>
                       <explicit>Dimidium stater ac semuncia dicitur eius.</explicit>
                       <note>Above the text from a later hand: <quote>Libra uel a sex untiolis constat duodeni Uncia</quote>. Later erasure and additions.</note>
                   </msItem>
                   <msItem>
                       <note>8 verses:</note>
                       <rubric>De untia et partibus eius</rubric>
                       <incipit>Uncia uiginti scripulos et quatuor ambit</incipit>
                       <explicit>uigenam quartam scripulus seu gramma retentat.</explicit>
                   </msItem>
                   <msItem>
                       <note>4 verses:</note>
                       <rubric>De scripulo et partibus eius</rubric>
                       <incipit>Unus item scripulus calcis conponitur octo</incipit>
                       <explicit>Ultimus est calcus ciceris duo granula pensans.</explicit>
                   </msItem>
                   <bibl><title>The Letters and Poems of Fulbert of Chartres</title>. Ed. and tr. Frederick Behrends. Oxford: Clarendon Press, 1976.</bibl>
               </msItem>
               <msItem>
                  <locus from="107r" to="123v">107r-123v</locus>
                  <author ref="#boethius">Ps-Boethius</author>
                  <title>Geometria I</title>
                   <rubric rend="rustics">Incipiunt libri anicii manilii seuerini boetii artis geometriae et arithmeticae numeri V ab euclidae <sic>traslati</sic> de greco in latinum I regula artis geometriae quinque et fons sensuum et origo dictionum</rubric>
                   <incipit><sic>Geumetria</sic> est disciplina magnitudinis immobilis formarumque</incipit>
                   <explicit>In demonstratione summitas, In conclusione extremitas.</explicit>
                   <finalRubric rend="rustics">Explicit Anicii Manilii Seuerini Boethii liber V artis <sic>geumetriae</sic> de greco in latinum translatus ab euclide peritissimo <sic>geumetrico</sic>.</finalRubric>
                   <note>Added two lines <quote>Hi namque libri continent numerorum causas et diuisiones circulorum et omnium figurarum rationes extremitatum et summitatum genera angulorum et mensurarum expositiones</quote>.</note>
                  <decoNote>Diagrams and geometrical figures within the text body.</decoNote>
                   <bibl><note>There is no complete edition of the <title>Geometry I</title>; the partial editions are listed in </note>M. Folkerts. "Die Altercatio in der Geometrie I des Pseudo-Boethius. Ein Beitrag zur Geometrie im mittelalterlichen Quadrivium." In: <title>Fachprosa-Studien. Beiträge zur mittelalterlichen Wissenschafts- und Geistesgeschichte</title>, ed. G.Keil, 84-114 (esp. pp.88-89). Berlin: Erich Schmidt, 1982. Reprinted in Folkerts, <title>Essays on early medieval mathematics</title>, VII. Aldershot: Variorum, 2003.</bibl>
                   <bibl><note>See also </note>Stevens Wesley. "Marginalia in the Latin Euclid." In <title>Scientia in Margine</title>, ed. D. Jacquart and Ch. Burnett, 117-138, Geneva: Librairie Droz, 2005.</bibl>
               </msItem>
                <msItem>
                   <locus from="123v" to="130v">123v-130v</locus>
                   <note>Excerpta Agrimensorum Romanorum.</note>
                    <rubric rend="rustics">Item de arte <sic>geumetriae</sic></rubric>
                    <bibl><note>On the manuscript transmission see </note>M. Folkerts. "Die Altercatio in der Geometrie I des Pseudo-Boethius. Ein Beitrag zur Geometrie im mittelalterlichen Quadrivium." In: <title>Fachprosa-Studien. Beiträge zur mittelalterlichen Wissenschafts- und Geistesgeschichte</title>, ed. G.Keil, 84-114 (esp.pp. 95-102). Berlin: Erich Schmidt, 1982. Reprinted in Folkerts, <title>Essays on early medieval mathematics</title>, VII. Aldershot: Variorum, 2003.</bibl>
                    <decoNote>Geometrical figures within the text body.</decoNote>
                   <msItem>
                       <locus from="123v" to="124v">123v-124v</locus>
                       <title>Liber podismi</title>                       
                       <incipit>Podismi mensurarum genera sunt tria· rectum, planum, solidum</incipit>
                       <explicit>Ut queramus singulas praecisuras.</explicit>
                       <bibl><abbr>Lachmann, I</abbr>, pp. 295,16-296,3 and 297,1–301,14</bibl> 
                       <bibl><abbr>Bubnov 1899</abbr>, pp. 510–516.</bibl>
                   </msItem>
                    <msItem>
                        <locus from="124v" to="125r">124v,27-125r</locus>
                        <title>Excerpta ex opusculo Epaphroditi</title>
                        <incipit>trigoni ortogonii. Cuius cathetus pedus V</incipit>
                        <explicit>erit embadum trigoni hysopleri.</explicit>
                        <bibl><abbr>Bubnov 1899</abbr>, pp. 518-521.</bibl>                        
                    </msItem>
                    <msItem>
                        <locus from="125r" to="126r">125r-126r</locus>
                        <title>Excerpta ex opusculo Vitruvii</title>
                        <incipit>Trigoni ortogoni linearum nomina· cathetus</incipit>
                        <explicit>Ut iugera inueniamus faciamus uicies<gap reason="illegible"/> XXVIII DCCC et faciunt DCXXXII que sunt XXII iugera et remanent pedes VII CCCC.</explicit>
                        <bibl><abbr>Bubnov 1899</abbr>, pp. 522–528.</bibl>
                    </msItem>
                    <msItem>
                        <locus from="126r" to="129r">126r-129r</locus>
                        <title>Excerpta ex opusculo Epaphroditi <note>further excerpta</note></title>
                        <incipit>Sunt autem trigoni hoc genere et his uocabulis numero</incipit>
                        <explicit>Deme hypotenusam erit diametron circuli.</explicit>
                        <bibl><abbr>Bubnov 1899</abbr>, pp. 528-548.</bibl>
                    </msItem>
                    <msItem>
                        <locus from="129r">129r</locus>
                        <title>Excerpta ex opusculo Vitruvii <note>further excerpta</note></title>
                        <incipit>Censurarum quadratarum deformatio· Mensum diuersarum ritus</incipit>
                        <explicit>Decem peda habet pedes X digitorum XI pertica habet pedes XII, digitorum XVIII.</explicit>
                        <bibl><abbr>Bubnov 1899</abbr>, pp. 548-549.</bibl>
                        <note>Missing further sections published in Bubnov.</note>
                    </msItem>
                    <msItem>
                        <locus from="129r" to="129v">129r-v</locus>
                        <title>De mensura</title>
                        <incipit>Mensura est complurium et inter se aequalium interuallorum longitudo finita</incipit>
                        <explicit>Stadium habet pedes dcxxv, passus cxxv, miliarius habet passus pedes v stadia viii.</explicit>
                        <bibl><abbr>Lachmann, I</abbr>, pp. 94,9–95,7.</bibl>
                    </msItem>
                    <msItem>
                       <locus from="129v">129v</locus>
                       <rubric rend="rustics">De mensuris</rubric>
                       <incipit>Mensura est quicquid pondere capacitate longitudine</incipit>
                       <explicit>palmos uncias et digitos diuiserunt.</explicit>
                        <bibl><abbr>Lachmann, I</abbr>, p. 367,9-15.</bibl>
                   </msItem>
                   <msItem>
                       <locus from="129v" to="130r">129v-130r</locus>
                       <rubric rend="rustics">De ponderibus</rubric>
                       <incipit>Ponderum pars minima calculus est qui constat</incipit>
                       <explicit>Centenarius autem dicitur eo quod C libris constet.</explicit>
                       <bibl><abbr>Lachmann, I</abbr>, pp. 373,20-374,21.</bibl>
                   </msItem>
                   <msItem>
                       <locus from="130r" to="130v">130r-v</locus>
                       <rubric rend="rustics">De mensuris liquidis</rubric>
                       <incipit>Mensuris in liquidis coclear est pars minima qui habet dimidiam dragmam</incipit>
                       <explicit>Duo chori chulleum quod sunt modia LX.</explicit>
                       <bibl><abbr>Lachmann, I</abbr>, pp. 374,22-376,13.</bibl>
                   </msItem>
                    <msItem>
                        <locus from="130v">130v</locus>
                        <note>Three short regula how to draw octagonal, and an octagon from a square.</note>
                        <msItem>
                            <incipit>Si quis uoluerit per unum latus octogonum designare ita ut</incipit>
                            <explicit>et VIII emicirculos octogonum designes.</explicit>
                        </msItem>
                        <msItem>
                            <incipit>Si quis uoluerit exagonum facere ut unum latus habeat pedes x</incipit>
                            <explicit>per extremitates circuli et erit exagonus.</explicit>
                            <decoNote>Within the text body a figure of an hexagon with semicircles on every side.</decoNote>
                        </msItem>
                        <msItem>
                            <incipit>Si quis uoluerit quadratum equilaterum ostogonum facere</incipit>
                            <explicit>incidant angulos quadrati ea mensura et facies octogonum.</explicit>
                            <decoNote>Within the text body a figure of an octogonal within a square.</decoNote>
                        </msItem>
                        <bibl><abbr>Bubnov 1899</abbr>, pp. 552–553.</bibl>
                    </msItem>                    
                    <msItem>
                        <locus from="130v">130v</locus>
                        <rubric rend="rustics">Iulii Frontini</rubric>                        
                        <incipit>In pede constrato semipedes IIII. In pede porrecto semipedes duo <gap reason="omitted"/> Consuetudine uulgari unus bonuarius</incipit>
                        <explicit>de pisis tribus, de fabis tribus.</explicit>
                        <note>Perhaps a later filling-text.</note>
                    </msItem>
                </msItem>
                <msItem>
                    <locus from="131r" to="137r">131r-137r</locus>
                    <author ref="#columella">Columella</author>
                    <rubric rend="margine">Lucii Iunii moderati columellae</rubric>
                    <note>Excerpt from <title>De re rustica</title> lib. V, cap. 1-3; VI, 29-38; XII, 6-7, 19-20, 26-27, 30, 37, 21, 5, 28(§3)-29, 32, 35 39, 46, 59, 35 - on measuring land, care of big animals, preparation of brine, wine etc.</note>
                    <incipit>Quoniam familiariter a nobis precepta mensurarum desideras</incipit>
                    <explicit>deinde cum refrixerit pro libito tantum portionis in amphoram musti adici.</explicit>
                    <decoNote>Drawings of geometrical figures within the body text.</decoNote>
                    <bibl>Columella. Res Rustica. Ed. R. H. Rodgers. Oxford: Oxford University Press, 2010, here pp. 186-196, 270-283, 491-3, 504-8, 513-8, 527-9, 550-2.</bibl>
                    <!--<bibl sortKey="gbv_030828198">Columella, Lucius Iunius Moderatus. <title>Zwölf Bücher über Landwirtschaft. Buch eines unbekannten über Baumzüchtung</title>. Ed. Will Richter. München: Artemis-Verlag, 1981 (here pp. 508-534, </bibl>-->
                    <!-- Im mittelalterlichen Europa waren die Schriften Columellas nur wenig verbreitet. Erhalten sind aus dem 9./10. Jahrhundert nur je eine Handschrift aus Corbie (heute St. Petersburg, Russische Nationalbibliothek, Ms. F.v.1) und Fulda (heute Mailand, Biblioteca Ambrosiana Cod. L.85. sup.). -->
                </msItem>
                <msItem>
                  <locus from="137r">137r</locus>
                   <author ref="#isidore">Isidore</author>
                  <note>Excerpt from <title>Etymologiae</title>, lib. XII, cap. 1, §§ 41 and 48-54.</note>
                   <rubric rend="rustics">De equis</rubric>
                   <incipit>Equi ab aquando dicti quia in quadrigis similes forma et pares</incipit>
                   <explicit>Qui color est medius inter nigrum et album et ab albo elbum diriuatum.</explicit>
                  <note>written by a darker ink.</note>
                    <bibl>Isidorus. Etymologiarum sive originum libri XX. Ed. W. M. Lindsay. Oxford: Oxford University Press, 1911 (9th edition 1991), here pp. 38-40.</bibl>
                  <!-- the same sequence Columella excerpt from book VI followed by excerpt on horses, noted in Paris, BnF n.a.l. 1630 - from 11th c. there written by the same hand -->
               </msItem>
               <msItem>
                   <locus from="137v" to="146r" facs="http://gallica.bnf.fr/ark:/12148/btv1b9066978w/f149.item">137v-146r</locus>
                  <note>Herbarium</note>
                   <incipit>Bettonica a grecis dicitur cestros alii adanton</incipit>
                   <explicit>ad quartanas autem quattuor.</explicit>
                   <bibl>A. Ferraces Rodríguez, "El Herbario del manuscrito de París, Bibliothèque Nationale, lat. 13955, ff. 137v-146r. Editio princeps." <title type="j">Inicio</title> 27 (2012): 197-257.</bibl>
               </msItem>
                <msItem>
                    <locus from="146r" to="147v">146r-147v</locus>
                    <note>Collection of excerpts from <rs type="person" ref="#theodorus_priscianus">Theodorus Priscianus</rs> (begins on the same line with an Initial and a marginal note "Aliud").</note>
                    <incipit>Vt pili ENR canis lac<add>te</add> si tetigeris non rescrescunt</incipit>
                    <explicit>folia imposita continui curant.</explicit>
                    <bibl>A. Ferraces Rodríguez, "El recetario Ut pili euulsi non recrescant (Paris, BNF, lat. 13955, ff. 146r-147v): extractos de Teodoro Prisciano y otras fuentes tardoantiguas en un manuscrito del s. IX." <title type="j">Galenos</title> 5 (2011): 71-90.</bibl>
                </msItem>
               <msItem>
                  <locus from="147v">147v</locus>
                   <author ref="#bede">Bede</author>
                   <note>Excerpt from <title ref="#DNR">De natura rerum</title> (cap. 15 'Quare mutent colores' - on the colours of the planets).</note>
                   <incipit>Suus quidem  cuique color est saturno candidus</incipit>
                   <explicit>orbitae <unclear>actram</unclear> in obscuritatem.</explicit>
                   <bibl>Bede. <title>Opera didascalica</title>. Ed. Charles Jones. CCSL, 123 A. Turnhout: Brepols, 1975 (here p. 207).</bibl>
               </msItem>
               <msItem>
                  <locus from="147v">147v</locus>                   
                   <note>Section from <title ref="#arati_ea_quae">Arati ea que uidentur</title> on the constellations within the celestial circles (with minor changes).</note>
                   <incipit>In arctico circulo sunt signa IIII Arcturi duo cepheus a pectore draco</incipit>
                   <quote>In arctico circulo sunt signa IIII Arcturi duo cepheus a pectore draco. In aestiuus signa VIII bootes, corona, ingeniculo, lyra, cassiepia, agitator, cignus, perseus. In hiemali solstitio VI Heridanus, nauis, centaurus in quo bestia et sacrarium, piscis maior inuisibilis <unclear>australis</unclear>. In equinoctiali circulo XV Equus, serpentarius in quo sepens, ylidris in qua urceus et coruus, anticanis, <unclear>aquila</unclear><gap reason="illegible"/>, Orion, Telum, deltoton, andromeda, lepus, coetus, canis. Unde fieri omnia signa XXXI absque eorum illustrissima alterutrum constituta uti super bootem septentrio, super agitatorem sex hedi, super <unclear>taurum</unclear> uergilie, super uirginem spica, super canem sirius <gap reason="illegible"/>. Zodiacus autem habet signa XII Cancrum, leonem, uirginem, libram, scorpionem, sagittarium, capricornum, aquarium, pisces, arietem, Taurum, Gemines.</quote>
                   <explicit>Zodiacus autem habet signa XII Cancrum, leonem, uirginem, libram, scorpionem, sagittarium, capricornum, aquarium, pisces, arietem, Taurum, Gemines.</explicit>
                   <bibl><abbr>Maass</abbr>, pp. 103,21-107,21.</bibl>
               </msItem>
                <msItem>
                    <locus from="147v">147v</locus>                    
                    <note>Section from <rs type="person" ref="#censorinus">(Ps.)Censorinus</rs> <title>Fragmentum Censorini</title>: <title>De stellis fixis et stantibus</title>, §§ 3-6 on the influence of planets.</note>
                    <incipit>Saturni stella frigida et sterilis terris nascentibus non salutaris</incipit>
                    <explicit>Plurimum in originibus ualent quae in ortus languent in occasu.</explicit>
                    <bibl><abbr>Censorinus</abbr> pp.65-6.</bibl>
                </msItem>
               <msItem>
                   <note>Grammatical texts, on prosody:</note>
                   <msItem>
                       <locus from="148r">148r-150r</locus>
                       <author ref="#flavius_mallius_theodorus">Flavius Mallius Theodorus</author>
                       <title>De metris <note>(cap. 3-11)</note></title>                   
                       <incipit><hi rend="font-variant:small-caps">Sunt igitur metrotum genera haec· dactilicum iambicum tro</hi>chaicum anapesticum</incipit>
                       <explicit>etiam si nihil a quoquam adiciatur existiment.</explicit>                  
                       <bibl sortKey="gbv_140709932">Keil, Heinrich, ed. <title>Grammatici Latini</title>, Vol. 6: <title>Scriptores Artis Metricae</title>. Leipzig: Teubner, 1874 (here pp. 588-601).</bibl>
                   </msItem>
                   <msItem>
                       <locus from="150r" to="158r">150r-158r</locus>
                       <author ref="#marius_plotius_sacerdos">Marius Plotius Sacerdos</author>
                       <title>Artium Grammaticarum <note>(Chapter III. De metris)</note></title>
                       <rubric rend="rustics">Marius Plotius Sacerdos composui rome docens demetris</rubric>
                       <incipit>Cum de institutis artis grammaticae primo libro me tractauisse comperisset</incipit>
                       <explicit>Nam genus est illud asinartetum quo usa est sappho toto libro suo primo.</explicit>
                       <finalRubric rend="rustics">Explicit demetris marii plotii sacerdotis.</finalRubric>
                       <bibl sortKey="gbv_140709932">Keil, Heinrich, ed. <title>Grammatici Latini</title>, Vol. 6: <title>Scriptores Artis Metricae</title>. Leipzig: Teubner, 1874 (here pp. 496-546).</bibl>
                   </msItem>
                   <msItem>
                       <locus from="158r">158r</locus>
                       <note>Unidetified text on metrical feet, disyllables and trisyllables.</note>
                       <incipit>Pedes disyllabi pirr<ex>ichius</ex> spond<ex>eus</ex> iamb<unclear>us</unclear> semper acuto accentu pronuntiabuntur</incipit>
                       <explicit>Ipsa autem positio si ex muta et liquida fuerit faciet transire acutum accentum in antepenultimas.</explicit>
                   </msItem>
               </msItem>
                <msItem>
                    <locus from="158v" to="165v">158v-165v</locus>
                    <author ref="#augustinus_aurelius">Augustine</author>
                    <title ref="http://d-nb.info/gnd/4268897-8">De musica</title>
                    <rubric rend="rustics">Definitio musicae fortunatiani</rubric>
                    <incipit><hi rend="rustics">Musica est scientia bene modulandi. Igitur modulatio</hi> a modo est nominata</incipit>
                    <explicit>inter istorum aequalitatem in membris imparibus et aliorum omnium intersit.</explicit>
                    <!--<bibl>PL 31.1, 1081-1194</bibl>
                    neue Edition eingekündigt in CCSL (schon im 2002?) soll bei Martin Jacobsson. Es gibt eine französische bilingua von 1947, ed. G. Finaert and F.-J. Thonnard, Paris, Bibliotheque Augustinienne...-->
                    <bibl><title>Scriptorum veterum nova collectio e vaticanis codicibus</title>, Vol. 3. Ed. A. Mai. Rome: Typis Vaticanis, 1828 (here pp. 116-134).</bibl>
                </msItem>
               <msItem>
                   <note>Gromatic texts:</note>
                   <msItem>
                       <locus from="165v" to="168v">165v-166v</locus><!--
                       <title>De iugeribus metiundis</title>           -->            
                       <rubric rend="rustics">De iugeribus metiundis</rubric>
                       <incipit>Castrensis iugerus quadratus habet perticas CCLXXXVIII Pedes autem quaadratos XXVIIIDCCC</incipit>
                       <explicit>hoc duco per latitudinem fiunt pedes IIICL sic quero pedaturam.</explicit>
                       <bibl><abbr>Lachmann, I</abbr>, pp. 354-6.</bibl>
                   </msItem>
                   <msItem>
                       <locus from="166v" to="168v">166v-168v</locus>
                       <author ref="#balbus">Balbus</author>
                       <note>Section from <title ref="http://d-nb.info/gnd/4489141-6">Expositio et ratio mensurarum</title></note>
                       <rubric rend="rustics">Genera lineamentorum</rubric>
                       <incipit>Gradus habet pedes IIs, passus habet pedes V</incipit>
                       <explicit>ut quinque laterum totidemque angulorum ex tri<gap reason="damage"/> duabus rectis.</explicit>
                       <decoNote>Many geometrical figures within the text-body.</decoNote>
                       <bibl><abbr>Lachmann, I</abbr>, pp. 95,5–10, 96,21–97,13; 98,11–103,11; 103,17–104,6; 104,13–105,12, 105,16–106,8.</bibl>
                       <filiation>The same sections and illustrations also in <ref type="altMs" target="http://www.e-codices.unifr.ch/de/bbb/0087/16v">Bern, Burgerbibliothek, Cod. 87, ff. 16v-17v.</ref></filiation>
                   </msItem>
                   <msItem>
                       <locus from="168v" to="169v">168v-169v</locus>
                       <author>Hyginus Gromaticus</author>
                       <title>Constitutio limitum <note>(sections)</note></title>
                       <rubric rend="rustics">Kygeni augusti liberti</rubric>
                       <incipit>Querenda est primum que sit <gap reason="damage"/> quae ratio oriundi aut occidendi</incipit>
                       <explicit>Nam et egypto <unclear>medio die</unclear> umbra <unclear>consumitur</unclear> ex hoc ibidem <gap reason="lacuna"/></explicit>
                       <decoNote>With diagrams: on f. 169r a planisphere showing the paths of the planets nested one inside the other and the circles of the zodiac and the horizon; on f. 169v two unfinished rota diagrams.</decoNote>
                       <bibl><abbr>Lachmann, I</abbr>, pp. 183,17-188,13.</bibl>
                       <note>Presumably a later addition on the three lines at the bottom of the folio (left originally blank because of diagram positioned on the next page) by the same hand with a marginal nota <quote>Item aliter</quote> marking a paraphrase or a note on <rs type="person" ref="#augustinus_aurelius">Augustine</rs>, <title>De doctrina christiana</title>, Book IV, 12, 27: <quote>Debet ita dicere sapiens, ut doceat, ut delectet, ut flectat. Docere necessitatis est, Delectare, suauitastis, Fletere uictoriae.</quote></note>
                   </msItem>
               </msItem>
            </msContents>
            <physDesc>
               <objectDesc form="codex">
                  <supportDesc material="perg">
                          <support>
                              <p><material>Parchment</material></p>
                          </support>
                          <extent>
                              <measure type="leavesCount" quantity="169">i (labbeled A) + 169 fols.</measure>
                              <dimensions type="leaf" unit="mm">
                                  <height>219</height>
                                  <width>186</width>
                              </dimensions>
                          </extent>
                          <foliation></foliation>
                      <collation><formula>22 quires: I<hi rend="sup">4</hi> (ff.1-4), II-VII<hi rend="sup">8</hi> (ff.5-12, 13-20, 21-28, 29-36, 37-44, 45-52), VIII<hi rend="sup">10</hi> (ff.53-62), IX-XI<hi rend="sup">8</hi> (ff.63-70, 71-78, 79-86), XII<hi rend="sup">10</hi> (ff.87-96), XIII<hi rend="sup">8</hi> (ff.97-104), XIV<hi rend="sup">6(-1)</hi> wants 6 (ff.105-109), XV<hi rend="sup">8</hi> (ff.110-117), XVI<hi rend="sup">10</hi> (ff.118-127), XVII-XVIII<hi rend="sup">8</hi> (ff.128-135, 136-143), XIX<hi rend="sup">4</hi> (ff.144-147), XX-XXI<hi rend="sup">8</hi> (ff.148-155, 156-163), XXII<hi rend="sup">8(-2)</hi> wants 2 and 3 (ff.164-169).</formula> 
                              Quire marks with roman numerals on the lower margins on verso - 4v "I", 12v - "II" and so on.
                          </collation>
                          <condition>
                              <p>As is visible from marginal annotations (e.g. on f. 105v) the manuscript was cut on the sides during rebinding, so that some marginal notes were lost. A librarian note from <date when="1884-05-07">7. May 1884</date> on the front pastedown states that already at that time ff. 52-55, 59-63, 79-81, 167-169 are mutilated. Folios 49-88 are smudged on the upper outer edge due probably to water damage. More seriously damaged were ff. 52-64, and 76-81 were the upper outer corner is either smudged or missing (on f. 76v and 78v a later hand rewrote the blemished texts in the corners); ff. 168-9 have two large holes, f. 167 have smaller damages, but still misses sections of the text.</p>
                          </condition>
                  </supportDesc>
                   <layoutDesc>
                     <layout columns="1" writtenLines="29">Written in 29 long lines (exception f. 4r).</layout>
                  </layoutDesc>
               </objectDesc>
                <handDesc>
                    <handNote><p>Written by one main hand, Hand A (characterised above all by a <quote>g</quote> with an open lower lobe extended to the left and an upright script) and several secondary hands. Hand A copied the astronomical texts (ff. 46v-60r).</p>
                        <!--<p>Hand A copied most of Boethius' <title>De musica</title> (ff. 60r-105v), taking turns with at least two less experienced hands (change for instance on ff. 72r, 73r-v, 75r-76r, from f. 78r and further till end of text a hand slanting to the right); Hand A wrote again sections from the text on geometry (ff. 107r-) as on f. 112r-v, 113v, 114v, 116v, the most of the text however was written by at least three different hand (see for example ff. 118v-119r). Hand A took turns with a less experienced similar hand in the text of Columella (ff. 131r-134v).</p>
                        <p>Text of Boethius, <title>In isagogen</title> (ff. 5r-46r) is written by a different hand, Hand B, writing a more narrow and more angular script. Hand A added corrections, as in the bottom of f. 42r, and wrote the last ten lines of the text on f. 46v.</p> 
                        <p>The text of Isidore (f. 137r) was copied by a hand which wrote <quote>g</quote> with an open upper lobe.</p>-->
                        <p>All hands share similar features: e-caudata, round <quote>r</quote> after o. Ligatures: nt, ct, rt, ri, st. Abbreviations: insular <quote>h</quote> for <foreign>autem</foreign>, <quote>H</quote> for <foreign>enim</foreign>, and <quote>&#x00F7;</quote> for <foreign>est</foreign>; <quote>&#xb2;</quote> for <foreign>-ur</foreign>, apostroph for <foreign>-us</foreign>.</p> </handNote>
                    <handNote>Later additions by another hand on f. 3r-v.</handNote>
                    <handNote>Later additions of Gerbert's letter and Fulbert's poem by an 11<hi rend="sup">th</hi>-century hand (?).</handNote>
                </handDesc>
                <additions>On the first folio labelled <quote>A</quote> a 19<hi rend="sup">th</hi> century hand added a table of content. On f. <locus from="1r">1r</locus> possesion note mentioned below and <term><foreign>probatio pennae</foreign></term>.</additions>
            </physDesc>
            <history>
               <origin>
                   <p>The manuscript was copied in several stages in the <origDate notBefore="0851" notAfter="0900">second half of the ninth century</origDate> in St. Peter's Abbey in <origPlace ref="#corbie">Corbie</origPlace> during the abbacy of <rs type="person" ref="#hadoard">Hadoard</rs>. According to B. Bischoff most of the manuscript was copied in the third quarter of the century, while ff. 46-53v with Martianus Capella's text were later insertion to the mauscript presumably at the end of the century.</p>
                   <p>Wesley Stevens ("Marginalia in the Latin Euclid" in <title>Scientia in Margine</title>, ed. D. Jacquart and Ch. Burnett, pp. 117-138, esp. p. 120, n. 6) suggested that ff. 114v-121v were copied by a hand with some Fulda characteristics 825-840.</p>
                   <p>Looking at the quire structure and the hands involved in the production of the manuscript it seems that Hand A played the leading role, as it was involved in the copying or later correction of all texts. The texts start only rarely at the beginning of a quire (the sole exeption being Boethius, <title>In isagogen</title>), and very often start middle of the folio right after the previous text ends. This inclines me to consider the codex not as a composite manuscript of separate booklets, but rather as a collection that grew in time, as Hand A and his colleagues added more and more texts producing an anthology of liberal arts.</p>
                   <!--<p>Bruce Eastwood (<bibl><title>Ordering the Heavens</title>, pp. 314-5, n. 7 and p. 254, n. 180</bibl>) reported the yet unpublished outcome of Wesley Stevens' palaeographical study of annotations in the geometrical and astronomical sections in the manuscript. He identified one of the hands transcribing part of Martianus Capella's text as a hand he described in detail in his article on bodleian manuscript Canonici Miscellaneous 353(<bibl>"Fulda Scribes at Work." In <title>Bibliothek und Wissenschaft</title> 8 (1972): 287-317</bibl>). The latter manuscript was copied in the period 825-840, hence Eastwood thought that the Paris lat. 13955 sections copied by this hand, named IId by Stevens, date from the 840s. Unfortunatelly I could not reinvestigate the study of the hands. In Stevens article Hand IId is illustrated merely by 8 lines of text, which in my opinion match no script in the Paris lat. 13955. Even if it does, however, I do not see why the scribe's activity should be limited to the 840s, especially since Stevens stated that in Canon. Misc. 353 the hand was "inexperienced and unsure" which might suggests that the scribe himself was yet a young monk in the second quarter of the ninth century.</p>-->
               </origin>
               <provenance>
                   <p>The manuscript is mentioned in two abbey catalogues: in <ref type="altMs">Berlin, SB, Ms. Phill. 1865<ptr target="http://resolver.staatsbibliothek-berlin.de/SBB0001A74C00000000"/>, f. 2ra</ref> datable to the end of the twelfth century and in <ref type="altMs">Vat. Reg. Lat. 520</ref>from around the year 1200 as <quote>Boetii commentum in isagogis et musica et geometria</quote> and <quote>commentum in isagogas Porfirii</quote> accordingly. Cf. <bibl>Catalogue général des manuscrits des bibliothèques publiques de France: Départements, Vol.  19, p. XV,  n° 80 and p. XLII, n° 303</bibl>, <bibl><abbr>Becker</abbr>, n° 79 and n° 136 pp. 185-192 (here p. 187, item n° 80) and pp. 277-298 (here p. 284, item n° 278</bibl>, <bibl>U. Winter, <title>Die mittelalterlichen Bibliothekskataloge aus Corbie </title>, Berlin, Univ., Phil. Diss., 1972, pp. 10-16, 91-137 and 354-74<ptr target="http://gso.gbv.de/DB=2.1/PPNSET?PPN=409426075"/></bibl> and <bibl>Ganz, p. 37.</bibl>.</p>
                   <p>The manuscript was probably consulted in <rs type="place">Chartres</rs> in the 10th or 11th century by <persName>Fulbert</persName>. It is tempting to believe that during that time the two filling text on ff. 105v-106v were copied during that period. Later on the manuscript was the property of the monastery of <rs type="place" ref="#st_germain_des_pres">Saint-Germain-des-Prés</rs> (see note on f.<locus from="1r">1r</locus>.</p>
               </provenance>
                <acquisition>
                    <p>Acquired by the Bibliothèque nationale during the French revolution (see f. <locus from="1r">1r</locus> <quote>N. 1094</quote> and <quote>olim 544</quote>.</p>
                </acquisition>
            </history>
            <additional>
               <listBibl>
                  <head>Selected Bibliography:</head>
                   <bibl><abbr>Munk Olsen</abbr>, Vol. 2, p. 268.</bibl>
                  <bibl>Beccaria, Augusto. I codici di medicina del periodo presalernitano: (secoli IX, X E XI). Roma: Ed. di storia e letteratura, 1956. p. 176</bibl>
                  <bibl>Boethius. Geometrie II: Ein Mathematisches Lehrbuch des Mittelalters. Edited by Menso Folkerts. Wiesbaden: Steiner, 1970.</bibl>
                   <bibl>Bischoff, Bernhard. “Hadoard und die Klassikerhandschriften aus Corbie.” In Bischoff, <title>Mittelalterliche Studien I</title>, 49–63. Stuttgart: Hiersemann, 1966.</bibl>
                  <bibl>Corsetti, Pierre-Paul. “Note sur les excerpta médiévaux de Columelle.” Revue d’histoire des textes 7 (1977): 109–32 (esp. 113-4).</bibl>
                  <bibl>Léopold Delisle, Inventaire des manuscrits latins conservés à la Bibliothèque impériale sous les nos 11504-14231 du fonds latin, Paris 1868 (reprint Hildesheim 1974), p. 123.</bibl>
                  <bibl>Eastwood, Bruce Stansfield. “Calcidius’s Commentary on Plato’s ‘Timaeus’ in Latin Astronomy of the Ninth to Eleventh Centuries.” In Eastwood, <title>The Revival of Planetary Astronomy in Carolingian and Post-Carolingian Europe</title>, 171–209, 2002.</bibl>
                  <bibl>———. <title>Ordering the Heavens: Roman Astronomy and Cosmology in the Carolingian Renaissance</title>. Leiden, 2007 (esp. pp. 68-72, 242, 253, ).</bibl>
                  <bibl>Ganz, David. <title>Corbie in the Carolingian Renaissance</title>. Sigmaringen: Thorbecke, 1990 (esp. pp. 94, 152-3, 159-60).</bibl>
                  <bibl>Jones, Leslie Webber. “The Scriptorium at Corbie: I. The Library.” <title type="j">Speculum</title> 22 (1947): 191–204.</bibl>
                  <bibl>———. “The Scriptorium at Corbie: II. The Script and the Problems.” <title type="j">Speculum</title> 22 (1947): 375–94.</bibl>
                  <bibl>Leonardi, Claudio. “I codici di Marziano Capella.” <title type="j">Aevum</title> 34 (1960): 1–99, 411–524.</bibl>
                  <bibl>Toneatto, Lucio. <title>Codices artis mensoriae: I manoscritti degli antichi opuscoli latini d’agrimensura (V - XIX Sec.)</title>. Vol. 1. 3 vols. Centro Italiano di Studi sull’Alto Medioevo, 1994.</bibl>
               </listBibl>
            </additional>
         </msDesc>
        </body>
    </text>
</TEI>

